date,date_published,measure,group,interval,min_age,max_age,proportion
2020-04-15,2020-04-16T17:15:00.000+02:00,deaths_age,0 - 30,"[0, 30)",0,30,0.0
2020-04-15,2020-04-16T17:15:00.000+02:00,deaths_age,30 - 40,"[30, 40)",30,40,0.0
2020-04-15,2020-04-16T17:15:00.000+02:00,deaths_age,40 - 50,"[40, 50)",40,50,0.0
2020-04-15,2020-04-16T17:15:00.000+02:00,deaths_age,50 - 60,"[50, 60)",50,60,0.029
2020-04-15,2020-04-16T17:15:00.000+02:00,deaths_age,60 - 70,"[60, 70)",60,70,0.058
2020-04-15,2020-04-16T17:15:00.000+02:00,deaths_age,70 - 80,"[70, 80)",70,80,0.251
2020-04-15,2020-04-16T17:15:00.000+02:00,deaths_age,≥ 80,"[80, +∞)",80,,0.667
2020-04-16,2020-04-17T17:15:00.000+02:00,deaths_age,0 - 30,"[0, 30)",0,30,0.0
2020-04-16,2020-04-17T17:15:00.000+02:00,deaths_age,30 - 40,"[30, 40)",30,40,0.0
2020-04-16,2020-04-17T17:15:00.000+02:00,deaths_age,40 - 50,"[40, 50)",40,50,0.0
2020-04-16,2020-04-17T17:15:00.000+02:00,deaths_age,50 - 60,"[50, 60)",50,60,0.029
2020-04-16,2020-04-17T17:15:00.000+02:00,deaths_age,60 - 70,"[60, 70)",60,70,0.043
2020-04-16,2020-04-17T17:15:00.000+02:00,deaths_age,70 - 80,"[70, 80)",70,80,0.243
2020-04-16,2020-04-17T17:15:00.000+02:00,deaths_age,≥ 80,"[80, +∞)",80,,0.685
2020-04-17,2020-04-18T17:15:00.000+02:00,deaths_age,0 - 30,"[0, 30)",0,30,0.0
2020-04-17,2020-04-18T17:15:00.000+02:00,deaths_age,30 - 40,"[30, 40)",30,40,0.0
2020-04-17,2020-04-18T17:15:00.000+02:00,deaths_age,40 - 50,"[40, 50)",40,50,0.0
2020-04-17,2020-04-18T17:15:00.000+02:00,deaths_age,50 - 60,"[50, 60)",50,60,0.029
2020-04-17,2020-04-18T17:15:00.000+02:00,deaths_age,60 - 70,"[60, 70)",60,70,0.043
2020-04-17,2020-04-18T17:15:00.000+02:00,deaths_age,70 - 80,"[70, 80)",70,80,0.243
2020-04-17,2020-04-18T17:15:00.000+02:00,deaths_age,≥ 80,"[80, +∞)",80,,0.685
2020-04-18,2020-04-19T17:15:00.000+02:00,deaths_age,0 - 30,"[0, 30)",0,30,0.0
2020-04-18,2020-04-19T17:15:00.000+02:00,deaths_age,30 - 40,"[30, 40)",30,40,0.0
2020-04-18,2020-04-19T17:15:00.000+02:00,deaths_age,40 - 50,"[40, 50)",40,50,0.0
2020-04-18,2020-04-19T17:15:00.000+02:00,deaths_age,50 - 60,"[50, 60)",50,60,0.017
2020-04-18,2020-04-19T17:15:00.000+02:00,deaths_age,60 - 70,"[60, 70)",60,70,0.066
2020-04-18,2020-04-19T17:15:00.000+02:00,deaths_age,70 - 80,"[70, 80)",70,80,0.233
2020-04-18,2020-04-19T17:15:00.000+02:00,deaths_age,≥ 80,"[80, +∞)",80,,0.684
2020-04-19,2020-04-20T17:15:00.000+02:00,deaths_age,0 - 30,"[0, 30)",0,30,0.0
2020-04-19,2020-04-20T17:15:00.000+02:00,deaths_age,30 - 40,"[30, 40)",30,40,0.0
2020-04-19,2020-04-20T17:15:00.000+02:00,deaths_age,40 - 50,"[40, 50)",40,50,0.0
2020-04-19,2020-04-20T17:15:00.000+02:00,deaths_age,50 - 60,"[50, 60)",50,60,0.027
2020-04-19,2020-04-20T17:15:00.000+02:00,deaths_age,60 - 70,"[60, 70)",60,70,0.053
2020-04-19,2020-04-20T17:15:00.000+02:00,deaths_age,70 - 80,"[70, 80)",70,80,0.24
2020-04-19,2020-04-20T17:15:00.000+02:00,deaths_age,≥ 80,"[80, +∞)",80,,0.68
2020-04-20,2020-04-21T17:15:00.000+02:00,deaths_age,0 - 30,"[0, 30)",0,30,0.0
2020-04-20,2020-04-21T17:15:00.000+02:00,deaths_age,30 - 40,"[30, 40)",30,40,0.0
2020-04-20,2020-04-21T17:15:00.000+02:00,deaths_age,40 - 50,"[40, 50)",40,50,0.0
2020-04-20,2020-04-21T17:15:00.000+02:00,deaths_age,50 - 60,"[50, 60)",50,60,0.026
2020-04-20,2020-04-21T17:15:00.000+02:00,deaths_age,60 - 70,"[60, 70)",60,70,0.051
2020-04-20,2020-04-21T17:15:00.000+02:00,deaths_age,70 - 80,"[70, 80)",70,80,0.23
2020-04-20,2020-04-21T17:15:00.000+02:00,deaths_age,≥ 80,"[80, +∞)",80,,0.693
2020-04-21,2020-04-22T17:15:00.000+02:00,deaths_age,0 - 30,"[0, 30)",0,30,0.0
2020-04-21,2020-04-22T17:15:00.000+02:00,deaths_age,30 - 40,"[30, 40)",30,40,0.0
2020-04-21,2020-04-22T17:15:00.000+02:00,deaths_age,40 - 50,"[40, 50)",40,50,0.0
2020-04-21,2020-04-22T17:15:00.000+02:00,deaths_age,50 - 60,"[50, 60)",50,60,0.025
2020-04-21,2020-04-22T17:15:00.000+02:00,deaths_age,60 - 70,"[60, 70)",60,70,0.062
2020-04-21,2020-04-22T17:15:00.000+02:00,deaths_age,70 - 80,"[70, 80)",70,80,0.225
2020-04-21,2020-04-22T17:15:00.000+02:00,deaths_age,≥ 80,"[80, +∞)",80,,0.688
2020-04-22,2020-04-23T17:15:00.000+02:00,deaths_age,0 - 30,"[0, 30)",0,30,0.0
2020-04-22,2020-04-23T17:15:00.000+02:00,deaths_age,30 - 40,"[30, 40)",30,40,0.0
2020-04-22,2020-04-23T17:15:00.000+02:00,deaths_age,40 - 50,"[40, 50)",40,50,0.0
2020-04-22,2020-04-23T17:15:00.000+02:00,deaths_age,50 - 60,"[50, 60)",50,60,0.024
2020-04-22,2020-04-23T17:15:00.000+02:00,deaths_age,60 - 70,"[60, 70)",60,70,0.059
2020-04-22,2020-04-23T17:15:00.000+02:00,deaths_age,70 - 80,"[70, 80)",70,80,0.238
2020-04-22,2020-04-23T17:15:00.000+02:00,deaths_age,≥ 80,"[80, +∞)",80,,0.679
2020-04-23,2020-04-24T17:15:00.000+02:00,deaths_age,0 - 30,"[0, 30)",0,30,0.0
2020-04-23,2020-04-24T17:15:00.000+02:00,deaths_age,30 - 40,"[30, 40)",30,40,0.0
2020-04-23,2020-04-24T17:15:00.000+02:00,deaths_age,40 - 50,"[40, 50)",40,50,0.0
2020-04-23,2020-04-24T17:15:00.000+02:00,deaths_age,50 - 60,"[50, 60)",50,60,0.023
2020-04-23,2020-04-24T17:15:00.000+02:00,deaths_age,60 - 70,"[60, 70)",60,70,0.059
2020-04-23,2020-04-24T17:15:00.000+02:00,deaths_age,70 - 80,"[70, 80)",70,80,0.245
2020-04-23,2020-04-24T17:15:00.000+02:00,deaths_age,≥ 80,"[80, +∞)",80,,0.673
2020-04-24,2020-04-25T17:15:00.000+02:00,deaths_age,0 - 30,"[0, 30)",0,30,0.0
2020-04-24,2020-04-25T17:15:00.000+02:00,deaths_age,30 - 40,"[30, 40)",30,40,0.0
2020-04-24,2020-04-25T17:15:00.000+02:00,deaths_age,40 - 50,"[40, 50)",40,50,0.0
2020-04-24,2020-04-25T17:15:00.000+02:00,deaths_age,50 - 60,"[50, 60)",50,60,0.023
2020-04-24,2020-04-25T17:15:00.000+02:00,deaths_age,60 - 70,"[60, 70)",60,70,0.047
2020-04-24,2020-04-25T17:15:00.000+02:00,deaths_age,70 - 80,"[70, 80)",70,80,0.235
2020-04-24,2020-04-25T17:15:00.000+02:00,deaths_age,≥ 80,"[80, +∞)",80,,0.694
2020-04-25,2020-04-26T17:15:00.000+02:00,deaths_age,0 - 30,"[0, 30)",0,30,0.0
2020-04-25,2020-04-26T17:15:00.000+02:00,deaths_age,30 - 40,"[30, 40)",30,40,0.0
2020-04-25,2020-04-26T17:15:00.000+02:00,deaths_age,40 - 50,"[40, 50)",40,50,0.0
2020-04-25,2020-04-26T17:15:00.000+02:00,deaths_age,50 - 60,"[50, 60)",50,60,0.023
2020-04-25,2020-04-26T17:15:00.000+02:00,deaths_age,60 - 70,"[60, 70)",60,70,0.045
2020-04-25,2020-04-26T17:15:00.000+02:00,deaths_age,70 - 80,"[70, 80)",70,80,0.25
2020-04-25,2020-04-26T17:15:00.000+02:00,deaths_age,≥ 80,"[80, +∞)",80,,0.682
2020-04-26,2020-04-27T17:15:00.000+02:00,deaths_age,0 - 30,"[0, 30)",0,30,0.0
2020-04-26,2020-04-27T17:15:00.000+02:00,deaths_age,30 - 40,"[30, 40)",30,40,0.0
2020-04-26,2020-04-27T17:15:00.000+02:00,deaths_age,40 - 50,"[40, 50)",40,50,0.0
2020-04-26,2020-04-27T17:15:00.000+02:00,deaths_age,50 - 60,"[50, 60)",50,60,0.023
2020-04-26,2020-04-27T17:15:00.000+02:00,deaths_age,60 - 70,"[60, 70)",60,70,0.045
2020-04-26,2020-04-27T17:15:00.000+02:00,deaths_age,70 - 80,"[70, 80)",70,80,0.247
2020-04-26,2020-04-27T17:15:00.000+02:00,deaths_age,≥ 80,"[80, +∞)",80,,0.685
2020-04-27,2020-04-28T17:15:00.000+02:00,deaths_age,0 - 30,"[0, 30)",0,30,0.0
2020-04-27,2020-04-28T17:15:00.000+02:00,deaths_age,30 - 40,"[30, 40)",30,40,0.0
2020-04-27,2020-04-28T17:15:00.000+02:00,deaths_age,40 - 50,"[40, 50)",40,50,0.0
2020-04-27,2020-04-28T17:15:00.000+02:00,deaths_age,50 - 60,"[50, 60)",50,60,0.022
2020-04-27,2020-04-28T17:15:00.000+02:00,deaths_age,60 - 70,"[60, 70)",60,70,0.045
2020-04-27,2020-04-28T17:15:00.000+02:00,deaths_age,70 - 80,"[70, 80)",70,80,0.247
2020-04-27,2020-04-28T17:15:00.000+02:00,deaths_age,≥ 80,"[80, +∞)",80,,0.686
2020-04-28,2020-04-29T17:15:00.000+02:00,deaths_age,0 - 30,"[0, 30)",0,30,0.0
2020-04-28,2020-04-29T17:15:00.000+02:00,deaths_age,30 - 40,"[30, 40)",30,40,0.0
2020-04-28,2020-04-29T17:15:00.000+02:00,deaths_age,40 - 50,"[40, 50)",40,50,0.0
2020-04-28,2020-04-29T17:15:00.000+02:00,deaths_age,50 - 60,"[50, 60)",50,60,0.022
2020-04-28,2020-04-29T17:15:00.000+02:00,deaths_age,60 - 70,"[60, 70)",60,70,0.045
2020-04-28,2020-04-29T17:15:00.000+02:00,deaths_age,70 - 80,"[70, 80)",70,80,0.247
2020-04-28,2020-04-29T17:15:00.000+02:00,deaths_age,≥ 80,"[80, +∞)",80,,0.686
2020-04-29,2020-04-30T17:15:00.000+02:00,deaths_age,0 - 30,"[0, 30)",0,30,0.0
2020-04-29,2020-04-30T17:15:00.000+02:00,deaths_age,30 - 40,"[30, 40)",30,40,0.0
2020-04-29,2020-04-30T17:15:00.000+02:00,deaths_age,40 - 50,"[40, 50)",40,50,0.0
2020-04-29,2020-04-30T17:15:00.000+02:00,deaths_age,50 - 60,"[50, 60)",50,60,0.022
2020-04-29,2020-04-30T17:15:00.000+02:00,deaths_age,60 - 70,"[60, 70)",60,70,0.045
2020-04-29,2020-04-30T17:15:00.000+02:00,deaths_age,70 - 80,"[70, 80)",70,80,0.244
2020-04-29,2020-04-30T17:15:00.000+02:00,deaths_age,≥ 80,"[80, +∞)",80,,0.689
2020-04-30,2020-05-01T17:15:00.000+02:00,deaths_age,0 - 30,"[0, 30)",0,30,
2020-04-30,2020-05-01T17:15:00.000+02:00,deaths_age,30 - 40,"[30, 40)",30,40,
2020-04-30,2020-05-01T17:15:00.000+02:00,deaths_age,40 - 50,"[40, 50)",40,50,
2020-04-30,2020-05-01T17:15:00.000+02:00,deaths_age,50 - 60,"[50, 60)",50,60,
2020-04-30,2020-05-01T17:15:00.000+02:00,deaths_age,60 - 70,"[60, 70)",60,70,
2020-04-30,2020-05-01T17:15:00.000+02:00,deaths_age,70 - 80,"[70, 80)",70,80,
2020-04-30,2020-05-01T17:15:00.000+02:00,deaths_age,≥ 80,"[80, +∞)",80,,
2020-05-01,2020-05-02T17:15:00.000+02:00,deaths_age,0 - 30,"[0, 30)",0,30,0.0
2020-05-01,2020-05-02T17:15:00.000+02:00,deaths_age,30 - 40,"[30, 40)",30,40,0.0
2020-05-01,2020-05-02T17:15:00.000+02:00,deaths_age,40 - 50,"[40, 50)",40,50,0.0
2020-05-01,2020-05-02T17:15:00.000+02:00,deaths_age,50 - 60,"[50, 60)",50,60,0.022
2020-05-01,2020-05-02T17:15:00.000+02:00,deaths_age,60 - 70,"[60, 70)",60,70,0.043
2020-05-01,2020-05-02T17:15:00.000+02:00,deaths_age,70 - 80,"[70, 80)",70,80,0.242
2020-05-01,2020-05-02T17:15:00.000+02:00,deaths_age,≥ 80,"[80, +∞)",80,,0.693
2020-05-02,2020-05-03T17:15:00.000+02:00,deaths_age,0 - 30,"[0, 30)",0,30,0.0
2020-05-02,2020-05-03T17:15:00.000+02:00,deaths_age,30 - 40,"[30, 40)",30,40,0.0
2020-05-02,2020-05-03T17:15:00.000+02:00,deaths_age,40 - 50,"[40, 50)",40,50,0.0
2020-05-02,2020-05-03T17:15:00.000+02:00,deaths_age,50 - 60,"[50, 60)",50,60,0.021
2020-05-02,2020-05-03T17:15:00.000+02:00,deaths_age,60 - 70,"[60, 70)",60,70,0.042
2020-05-02,2020-05-03T17:15:00.000+02:00,deaths_age,70 - 80,"[70, 80)",70,80,0.234
2020-05-02,2020-05-03T17:15:00.000+02:00,deaths_age,≥ 80,"[80, +∞)",80,,0.703
2020-05-03,2020-05-04T17:15:00.000+02:00,deaths_age,0 - 30,"[0, 30)",0,30,0.0
2020-05-03,2020-05-04T17:15:00.000+02:00,deaths_age,30 - 40,"[30, 40)",30,40,0.0
2020-05-03,2020-05-04T17:15:00.000+02:00,deaths_age,40 - 50,"[40, 50)",40,50,0.0
2020-05-03,2020-05-04T17:15:00.000+02:00,deaths_age,50 - 60,"[50, 60)",50,60,0.02
2020-05-03,2020-05-04T17:15:00.000+02:00,deaths_age,60 - 70,"[60, 70)",60,70,0.052
2020-05-03,2020-05-04T17:15:00.000+02:00,deaths_age,70 - 80,"[70, 80)",70,80,0.232
2020-05-03,2020-05-04T17:15:00.000+02:00,deaths_age,≥ 80,"[80, +∞)",80,,0.696
2020-05-04,2020-05-06T16:45:00.000+02:00,deaths_age,0 - 30,"[0, 30)",0,30,0.0
2020-05-04,2020-05-06T16:45:00.000+02:00,deaths_age,30 - 40,"[30, 40)",30,40,0.0
2020-05-04,2020-05-06T16:45:00.000+02:00,deaths_age,40 - 50,"[40, 50)",40,50,0.0
2020-05-04,2020-05-06T16:45:00.000+02:00,deaths_age,50 - 60,"[50, 60)",50,60,0.02
2020-05-04,2020-05-06T16:45:00.000+02:00,deaths_age,60 - 70,"[60, 70)",60,70,0.05
2020-05-04,2020-05-06T16:45:00.000+02:00,deaths_age,70 - 80,"[70, 80)",70,80,0.24
2020-05-04,2020-05-06T16:45:00.000+02:00,deaths_age,≥ 80,"[80, +∞)",80,,0.69
2020-05-05,2020-05-06T17:45:00.000+02:00,deaths_age,0 - 30,"[0, 30)",0,30,0.0
2020-05-05,2020-05-06T17:45:00.000+02:00,deaths_age,30 - 40,"[30, 40)",30,40,0.0
2020-05-05,2020-05-06T17:45:00.000+02:00,deaths_age,40 - 50,"[40, 50)",40,50,0.0
2020-05-05,2020-05-06T17:45:00.000+02:00,deaths_age,50 - 60,"[50, 60)",50,60,0.02
2020-05-05,2020-05-06T17:45:00.000+02:00,deaths_age,60 - 70,"[60, 70)",60,70,0.05
2020-05-05,2020-05-06T17:45:00.000+02:00,deaths_age,70 - 80,"[70, 80)",70,80,0.24
2020-05-05,2020-05-06T17:45:00.000+02:00,deaths_age,≥ 80,"[80, +∞)",80,,0.69
2020-05-06,2020-05-07T19:30:00.000+02:00,deaths_age,0 - 30,"[0, 30)",0,30,0.0
2020-05-06,2020-05-07T19:30:00.000+02:00,deaths_age,30 - 40,"[30, 40)",30,40,0.0
2020-05-06,2020-05-07T19:30:00.000+02:00,deaths_age,40 - 50,"[40, 50)",40,50,0.0
2020-05-06,2020-05-07T19:30:00.000+02:00,deaths_age,50 - 60,"[50, 60)",50,60,0.02
2020-05-06,2020-05-07T19:30:00.000+02:00,deaths_age,60 - 70,"[60, 70)",60,70,0.06
2020-05-06,2020-05-07T19:30:00.000+02:00,deaths_age,70 - 80,"[70, 80)",70,80,0.25
2020-05-06,2020-05-07T19:30:00.000+02:00,deaths_age,≥ 80,"[80, +∞)",80,,0.67
2020-05-07,2020-05-08T17:30:00.000+02:00,deaths_age,0 - 30,"[0, 30)",0,30,0.0
2020-05-07,2020-05-08T17:30:00.000+02:00,deaths_age,30 - 40,"[30, 40)",30,40,0.0
2020-05-07,2020-05-08T17:30:00.000+02:00,deaths_age,40 - 50,"[40, 50)",40,50,0.0
2020-05-07,2020-05-08T17:30:00.000+02:00,deaths_age,50 - 60,"[50, 60)",50,60,0.02
2020-05-07,2020-05-08T17:30:00.000+02:00,deaths_age,60 - 70,"[60, 70)",60,70,0.06
2020-05-07,2020-05-08T17:30:00.000+02:00,deaths_age,70 - 80,"[70, 80)",70,80,0.25
2020-05-07,2020-05-08T17:30:00.000+02:00,deaths_age,≥ 80,"[80, +∞)",80,,0.67
2020-05-08,2020-05-09T17:30:00.000+02:00,deaths_age,0 - 30,"[0, 30)",0,30,0.0
2020-05-08,2020-05-09T17:30:00.000+02:00,deaths_age,30 - 40,"[30, 40)",30,40,0.0
2020-05-08,2020-05-09T17:30:00.000+02:00,deaths_age,40 - 50,"[40, 50)",40,50,0.0
2020-05-08,2020-05-09T17:30:00.000+02:00,deaths_age,50 - 60,"[50, 60)",50,60,0.01
2020-05-08,2020-05-09T17:30:00.000+02:00,deaths_age,60 - 70,"[60, 70)",60,70,0.06
2020-05-08,2020-05-09T17:30:00.000+02:00,deaths_age,70 - 80,"[70, 80)",70,80,0.25
2020-05-08,2020-05-09T17:30:00.000+02:00,deaths_age,≥ 80,"[80, +∞)",80,,0.67
2020-05-09,2020-05-10T17:30:00.000+02:00,deaths_age,0 - 30,"[0, 30)",0,30,0.0
2020-05-09,2020-05-10T17:30:00.000+02:00,deaths_age,30 - 40,"[30, 40)",30,40,0.0
2020-05-09,2020-05-10T17:30:00.000+02:00,deaths_age,40 - 50,"[40, 50)",40,50,0.0
2020-05-09,2020-05-10T17:30:00.000+02:00,deaths_age,50 - 60,"[50, 60)",50,60,0.01
2020-05-09,2020-05-10T17:30:00.000+02:00,deaths_age,60 - 70,"[60, 70)",60,70,0.07
2020-05-09,2020-05-10T17:30:00.000+02:00,deaths_age,70 - 80,"[70, 80)",70,80,0.25
2020-05-09,2020-05-10T17:30:00.000+02:00,deaths_age,≥ 80,"[80, +∞)",80,,0.66
2020-05-10,2020-05-11T17:30:00.000+02:00,deaths_age,0 - 30,"[0, 30)",0,30,0.0
2020-05-10,2020-05-11T17:30:00.000+02:00,deaths_age,30 - 40,"[30, 40)",30,40,0.0
2020-05-10,2020-05-11T17:30:00.000+02:00,deaths_age,40 - 50,"[40, 50)",40,50,0.0
2020-05-10,2020-05-11T17:30:00.000+02:00,deaths_age,50 - 60,"[50, 60)",50,60,0.01
2020-05-10,2020-05-11T17:30:00.000+02:00,deaths_age,60 - 70,"[60, 70)",60,70,0.07
2020-05-10,2020-05-11T17:30:00.000+02:00,deaths_age,70 - 80,"[70, 80)",70,80,0.25
2020-05-10,2020-05-11T17:30:00.000+02:00,deaths_age,≥ 80,"[80, +∞)",80,,0.66
2020-05-10,2020-05-11T18:00:00.000+02:00,active_age,0 - 5,"[0, 5)",0,5,0.003
2020-05-10,2020-05-11T18:00:00.000+02:00,active_age,5 - 10,"[5, 10)",5,10,0.009
2020-05-10,2020-05-11T18:00:00.000+02:00,active_age,10 - 15,"[10, 15)",10,15,0.012
2020-05-10,2020-05-11T18:00:00.000+02:00,active_age,15 - 20,"[15, 20)",15,20,0.053
2020-05-10,2020-05-11T18:00:00.000+02:00,active_age,20 - 25,"[20, 25)",20,25,0.056
2020-05-10,2020-05-11T18:00:00.000+02:00,active_age,25 - 30,"[25, 30)",25,30,0.1
2020-05-10,2020-05-11T18:00:00.000+02:00,active_age,30 - 35,"[30, 35)",30,35,0.115
2020-05-10,2020-05-11T18:00:00.000+02:00,active_age,35 - 40,"[35, 40)",35,40,0.056
2020-05-10,2020-05-11T18:00:00.000+02:00,active_age,40 - 45,"[40, 45)",40,45,0.09
2020-05-10,2020-05-11T18:00:00.000+02:00,active_age,45 - 50,"[45, 50)",45,50,0.072
2020-05-10,2020-05-11T18:00:00.000+02:00,active_age,50 - 55,"[50, 55)",50,55,0.075
2020-05-10,2020-05-11T18:00:00.000+02:00,active_age,55 - 60,"[55, 60)",55,60,0.072
2020-05-10,2020-05-11T18:00:00.000+02:00,active_age,60 - 65,"[60, 65)",60,65,0.047
2020-05-10,2020-05-11T18:00:00.000+02:00,active_age,65 - 70,"[65, 70)",65,70,0.034
2020-05-10,2020-05-11T18:00:00.000+02:00,active_age,70 - 75,"[70, 75)",70,75,0.037
2020-05-10,2020-05-11T18:00:00.000+02:00,active_age,75 - 80,"[75, 80)",75,80,0.047
2020-05-10,2020-05-11T18:00:00.000+02:00,active_age,80 - 85,"[80, 85)",80,85,0.047
2020-05-10,2020-05-11T18:00:00.000+02:00,active_age,85 - 90,"[85, 90)",85,90,0.044
2020-05-10,2020-05-11T18:00:00.000+02:00,active_age,90 - 95,"[90, 95)",90,95,0.025
2020-05-10,2020-05-11T18:00:00.000+02:00,active_age,95 - 100,"[95, 100)",95,100,0.006
2020-05-10,2020-05-11T18:00:00.000+02:00,hospital_intensive_age,5 - 10,"[5, 10)",5,10,0.0
2020-05-10,2020-05-11T18:00:00.000+02:00,hospital_intensive_age,15 - 20,"[15, 20)",15,20,0.0
2020-05-10,2020-05-11T18:00:00.000+02:00,hospital_normal_age,5 - 10,"[5, 10)",5,10,0.0
2020-05-10,2020-05-11T18:00:00.000+02:00,hospital_normal_age,15 - 20,"[15, 20)",15,20,0.0
2020-05-10,2020-05-11T19:30:00.000+02:00,active_age,≥ 100,"[100, +∞)",100,,0.0
2020-05-10,2020-05-11T19:45:00.000+02:00,hospital_intensive_age,≥ 100,"[100, +∞)",100,,0.0
2020-05-10,2020-05-11T19:45:00.000+02:00,hospital_normal_age,≥ 100,"[100, +∞)",100,,0.0
2020-05-10,2020-05-12T12:30:00.000+02:00,hospital_intensive_age,0 - 5,"[0, 5)",0,5,0.0
2020-05-10,2020-05-12T12:30:00.000+02:00,hospital_intensive_age,10 - 15,"[10, 15)",10,15,0.0
2020-05-10,2020-05-12T12:30:00.000+02:00,hospital_intensive_age,20 - 25,"[20, 25)",20,25,0.0
2020-05-10,2020-05-12T12:30:00.000+02:00,hospital_intensive_age,25 - 30,"[25, 30)",25,30,0.0
2020-05-10,2020-05-12T12:30:00.000+02:00,hospital_intensive_age,30 - 35,"[30, 35)",30,35,0.0
2020-05-10,2020-05-12T12:30:00.000+02:00,hospital_intensive_age,35 - 40,"[35, 40)",35,40,0.0
2020-05-10,2020-05-12T12:30:00.000+02:00,hospital_intensive_age,40 - 45,"[40, 45)",40,45,0.043
2020-05-10,2020-05-12T12:30:00.000+02:00,hospital_intensive_age,45 - 50,"[45, 50)",45,50,0.087
2020-05-10,2020-05-12T12:30:00.000+02:00,hospital_intensive_age,50 - 55,"[50, 55)",50,55,0.087
2020-05-10,2020-05-12T12:30:00.000+02:00,hospital_intensive_age,55 - 60,"[55, 60)",55,60,0.043
2020-05-10,2020-05-12T12:30:00.000+02:00,hospital_intensive_age,60 - 65,"[60, 65)",60,65,0.261
2020-05-10,2020-05-12T12:30:00.000+02:00,hospital_intensive_age,65 - 70,"[65, 70)",65,70,0.087
2020-05-10,2020-05-12T12:30:00.000+02:00,hospital_intensive_age,70 - 75,"[70, 75)",70,75,0.13
2020-05-10,2020-05-12T12:30:00.000+02:00,hospital_intensive_age,75 - 80,"[75, 80)",75,80,0.261
2020-05-10,2020-05-12T12:30:00.000+02:00,hospital_intensive_age,80 - 85,"[80, 85)",80,85,0.0
2020-05-10,2020-05-12T12:30:00.000+02:00,hospital_intensive_age,85 - 90,"[85, 90)",85,90,0.0
2020-05-10,2020-05-12T12:30:00.000+02:00,hospital_intensive_age,90 - 95,"[90, 95)",90,95,0.0
2020-05-10,2020-05-12T12:30:00.000+02:00,hospital_intensive_age,95 - 100,"[95, 100)",95,100,0.0
2020-05-10,2020-05-12T12:30:00.000+02:00,hospital_normal_age,0 - 5,"[0, 5)",0,5,0.013
2020-05-10,2020-05-12T12:30:00.000+02:00,hospital_normal_age,10 - 15,"[10, 15)",10,15,0.013
2020-05-10,2020-05-12T12:30:00.000+02:00,hospital_normal_age,20 - 25,"[20, 25)",20,25,0.013
2020-05-10,2020-05-12T12:30:00.000+02:00,hospital_normal_age,25 - 30,"[25, 30)",25,30,0.027
2020-05-10,2020-05-12T12:30:00.000+02:00,hospital_normal_age,30 - 35,"[30, 35)",30,35,0.013
2020-05-10,2020-05-12T12:30:00.000+02:00,hospital_normal_age,35 - 40,"[35, 40)",35,40,0.027
2020-05-10,2020-05-12T12:30:00.000+02:00,hospital_normal_age,40 - 45,"[40, 45)",40,45,0.0
2020-05-10,2020-05-12T12:30:00.000+02:00,hospital_normal_age,45 - 50,"[45, 50)",45,50,0.053
2020-05-10,2020-05-12T12:30:00.000+02:00,hospital_normal_age,50 - 55,"[50, 55)",50,55,0.013
2020-05-10,2020-05-12T12:30:00.000+02:00,hospital_normal_age,55 - 60,"[55, 60)",55,60,0.027
2020-05-10,2020-05-12T12:30:00.000+02:00,hospital_normal_age,60 - 65,"[60, 65)",60,65,0.04
2020-05-10,2020-05-12T12:30:00.000+02:00,hospital_normal_age,65 - 70,"[65, 70)",65,70,0.08
2020-05-10,2020-05-12T12:30:00.000+02:00,hospital_normal_age,70 - 75,"[70, 75)",70,75,0.093
2020-05-10,2020-05-12T12:30:00.000+02:00,hospital_normal_age,75 - 80,"[75, 80)",75,80,0.12
2020-05-10,2020-05-12T12:30:00.000+02:00,hospital_normal_age,80 - 85,"[80, 85)",80,85,0.173
2020-05-10,2020-05-12T12:30:00.000+02:00,hospital_normal_age,85 - 90,"[85, 90)",85,90,0.187
2020-05-10,2020-05-12T12:30:00.000+02:00,hospital_normal_age,90 - 95,"[90, 95)",90,95,0.08
2020-05-10,2020-05-12T12:30:00.000+02:00,hospital_normal_age,95 - 100,"[95, 100)",95,100,0.027
2020-05-11,2020-05-12T17:30:00.000+02:00,active_age,0 - 5,"[0, 5)",0,5,0.003
2020-05-11,2020-05-12T17:30:00.000+02:00,active_age,5 - 10,"[5, 10)",5,10,0.009
2020-05-11,2020-05-12T17:30:00.000+02:00,active_age,10 - 15,"[10, 15)",10,15,0.012
2020-05-11,2020-05-12T17:30:00.000+02:00,active_age,15 - 20,"[15, 20)",15,20,0.053
2020-05-11,2020-05-12T17:30:00.000+02:00,active_age,20 - 25,"[20, 25)",20,25,0.056
2020-05-11,2020-05-12T17:30:00.000+02:00,active_age,25 - 30,"[25, 30)",25,30,0.1
2020-05-11,2020-05-12T17:30:00.000+02:00,active_age,30 - 35,"[30, 35)",30,35,0.115
2020-05-11,2020-05-12T17:30:00.000+02:00,active_age,35 - 40,"[35, 40)",35,40,0.056
2020-05-11,2020-05-12T17:30:00.000+02:00,active_age,40 - 45,"[40, 45)",40,45,0.09
2020-05-11,2020-05-12T17:30:00.000+02:00,active_age,45 - 50,"[45, 50)",45,50,0.072
2020-05-11,2020-05-12T17:30:00.000+02:00,active_age,50 - 55,"[50, 55)",50,55,0.075
2020-05-11,2020-05-12T17:30:00.000+02:00,active_age,55 - 60,"[55, 60)",55,60,0.072
2020-05-11,2020-05-12T17:30:00.000+02:00,active_age,60 - 65,"[60, 65)",60,65,0.047
2020-05-11,2020-05-12T17:30:00.000+02:00,active_age,65 - 70,"[65, 70)",65,70,0.034
2020-05-11,2020-05-12T17:30:00.000+02:00,active_age,70 - 75,"[70, 75)",70,75,0.037
2020-05-11,2020-05-12T17:30:00.000+02:00,active_age,75 - 80,"[75, 80)",75,80,0.047
2020-05-11,2020-05-12T17:30:00.000+02:00,active_age,80 - 85,"[80, 85)",80,85,0.047
2020-05-11,2020-05-12T17:30:00.000+02:00,active_age,85 - 90,"[85, 90)",85,90,0.044
2020-05-11,2020-05-12T17:30:00.000+02:00,active_age,90 - 95,"[90, 95)",90,95,0.025
2020-05-11,2020-05-12T17:30:00.000+02:00,active_age,95 - 100,"[95, 100)",95,100,0.006
2020-05-11,2020-05-12T17:30:00.000+02:00,active_age,≥ 100,"[100, +∞)",100,,0.0
2020-05-11,2020-05-12T17:30:00.000+02:00,deaths_age,0 - 30,"[0, 30)",0,30,0.0
2020-05-11,2020-05-12T17:30:00.000+02:00,deaths_age,30 - 40,"[30, 40)",30,40,0.0
2020-05-11,2020-05-12T17:30:00.000+02:00,deaths_age,40 - 50,"[40, 50)",40,50,0.0
2020-05-11,2020-05-12T17:30:00.000+02:00,deaths_age,50 - 60,"[50, 60)",50,60,0.01
2020-05-11,2020-05-12T17:30:00.000+02:00,deaths_age,60 - 70,"[60, 70)",60,70,0.07
2020-05-11,2020-05-12T17:30:00.000+02:00,deaths_age,70 - 80,"[70, 80)",70,80,0.25
2020-05-11,2020-05-12T17:30:00.000+02:00,deaths_age,≥ 80,"[80, +∞)",80,,0.67
2020-05-11,2020-05-12T17:30:00.000+02:00,hospital_intensive_age,0 - 5,"[0, 5)",0,5,0.0
2020-05-11,2020-05-12T17:30:00.000+02:00,hospital_intensive_age,5 - 10,"[5, 10)",5,10,0.0
2020-05-11,2020-05-12T17:30:00.000+02:00,hospital_intensive_age,10 - 15,"[10, 15)",10,15,0.0
2020-05-11,2020-05-12T17:30:00.000+02:00,hospital_intensive_age,15 - 20,"[15, 20)",15,20,0.0
2020-05-11,2020-05-12T17:30:00.000+02:00,hospital_intensive_age,20 - 25,"[20, 25)",20,25,0.0
2020-05-11,2020-05-12T17:30:00.000+02:00,hospital_intensive_age,25 - 30,"[25, 30)",25,30,0.0
2020-05-11,2020-05-12T17:30:00.000+02:00,hospital_intensive_age,30 - 35,"[30, 35)",30,35,0.0
2020-05-11,2020-05-12T17:30:00.000+02:00,hospital_intensive_age,35 - 40,"[35, 40)",35,40,0.0
2020-05-11,2020-05-12T17:30:00.000+02:00,hospital_intensive_age,40 - 45,"[40, 45)",40,45,0.087
2020-05-11,2020-05-12T17:30:00.000+02:00,hospital_intensive_age,45 - 50,"[45, 50)",45,50,0.087
2020-05-11,2020-05-12T17:30:00.000+02:00,hospital_intensive_age,50 - 55,"[50, 55)",50,55,0.087
2020-05-11,2020-05-12T17:30:00.000+02:00,hospital_intensive_age,55 - 60,"[55, 60)",55,60,0.043
2020-05-11,2020-05-12T17:30:00.000+02:00,hospital_intensive_age,60 - 65,"[60, 65)",60,65,0.261
2020-05-11,2020-05-12T17:30:00.000+02:00,hospital_intensive_age,65 - 70,"[65, 70)",65,70,0.087
2020-05-11,2020-05-12T17:30:00.000+02:00,hospital_intensive_age,70 - 75,"[70, 75)",70,75,0.13
2020-05-11,2020-05-12T17:30:00.000+02:00,hospital_intensive_age,75 - 80,"[75, 80)",75,80,0.217
2020-05-11,2020-05-12T17:30:00.000+02:00,hospital_intensive_age,80 - 85,"[80, 85)",80,85,0.0
2020-05-11,2020-05-12T17:30:00.000+02:00,hospital_intensive_age,85 - 90,"[85, 90)",85,90,0.0
2020-05-11,2020-05-12T17:30:00.000+02:00,hospital_intensive_age,90 - 95,"[90, 95)",90,95,0.0
2020-05-11,2020-05-12T17:30:00.000+02:00,hospital_intensive_age,95 - 100,"[95, 100)",95,100,0.0
2020-05-11,2020-05-12T17:30:00.000+02:00,hospital_intensive_age,≥ 100,"[100, +∞)",100,,0.0
2020-05-11,2020-05-12T17:30:00.000+02:00,hospital_normal_age,0 - 5,"[0, 5)",0,5,0.013
2020-05-11,2020-05-12T17:30:00.000+02:00,hospital_normal_age,5 - 10,"[5, 10)",5,10,0.0
2020-05-11,2020-05-12T17:30:00.000+02:00,hospital_normal_age,10 - 15,"[10, 15)",10,15,0.013
2020-05-11,2020-05-12T17:30:00.000+02:00,hospital_normal_age,15 - 20,"[15, 20)",15,20,0.0
2020-05-11,2020-05-12T17:30:00.000+02:00,hospital_normal_age,20 - 25,"[20, 25)",20,25,0.013
2020-05-11,2020-05-12T17:30:00.000+02:00,hospital_normal_age,25 - 30,"[25, 30)",25,30,0.026
2020-05-11,2020-05-12T17:30:00.000+02:00,hospital_normal_age,30 - 35,"[30, 35)",30,35,0.013
2020-05-11,2020-05-12T17:30:00.000+02:00,hospital_normal_age,35 - 40,"[35, 40)",35,40,0.026
2020-05-11,2020-05-12T17:30:00.000+02:00,hospital_normal_age,40 - 45,"[40, 45)",40,45,0.0
2020-05-11,2020-05-12T17:30:00.000+02:00,hospital_normal_age,45 - 50,"[45, 50)",45,50,0.052
2020-05-11,2020-05-12T17:30:00.000+02:00,hospital_normal_age,50 - 55,"[50, 55)",50,55,0.013
2020-05-11,2020-05-12T17:30:00.000+02:00,hospital_normal_age,55 - 60,"[55, 60)",55,60,0.039
2020-05-11,2020-05-12T17:30:00.000+02:00,hospital_normal_age,60 - 65,"[60, 65)",60,65,0.039
2020-05-11,2020-05-12T17:30:00.000+02:00,hospital_normal_age,65 - 70,"[65, 70)",65,70,0.065
2020-05-11,2020-05-12T17:30:00.000+02:00,hospital_normal_age,70 - 75,"[70, 75)",70,75,0.13
2020-05-11,2020-05-12T17:30:00.000+02:00,hospital_normal_age,75 - 80,"[75, 80)",75,80,0.104
2020-05-11,2020-05-12T17:30:00.000+02:00,hospital_normal_age,80 - 85,"[80, 85)",80,85,0.156
2020-05-11,2020-05-12T17:30:00.000+02:00,hospital_normal_age,85 - 90,"[85, 90)",85,90,0.182
2020-05-11,2020-05-12T17:30:00.000+02:00,hospital_normal_age,90 - 95,"[90, 95)",90,95,0.091
2020-05-11,2020-05-12T17:30:00.000+02:00,hospital_normal_age,95 - 100,"[95, 100)",95,100,0.026
2020-05-11,2020-05-12T17:30:00.000+02:00,hospital_normal_age,≥ 100,"[100, +∞)",100,,0.0
2020-05-12,2020-05-13T17:15:00.000+02:00,active_age,0 - 5,"[0, 5)",0,5,0.015
2020-05-12,2020-05-13T17:15:00.000+02:00,active_age,5 - 10,"[5, 10)",5,10,0.015
2020-05-12,2020-05-13T17:15:00.000+02:00,active_age,10 - 15,"[10, 15)",10,15,0.025
2020-05-12,2020-05-13T17:15:00.000+02:00,active_age,15 - 20,"[15, 20)",15,20,0.07
2020-05-12,2020-05-13T17:15:00.000+02:00,active_age,20 - 25,"[20, 25)",20,25,0.065
2020-05-12,2020-05-13T17:15:00.000+02:00,active_age,25 - 30,"[25, 30)",25,30,0.09
2020-05-12,2020-05-13T17:15:00.000+02:00,active_age,30 - 35,"[30, 35)",30,35,0.08
2020-05-12,2020-05-13T17:15:00.000+02:00,active_age,35 - 40,"[35, 40)",35,40,0.07
2020-05-12,2020-05-13T17:15:00.000+02:00,active_age,40 - 45,"[40, 45)",40,45,0.07
2020-05-12,2020-05-13T17:15:00.000+02:00,active_age,45 - 50,"[45, 50)",45,50,0.085
2020-05-12,2020-05-13T17:15:00.000+02:00,active_age,50 - 55,"[50, 55)",50,55,0.06
2020-05-12,2020-05-13T17:15:00.000+02:00,active_age,55 - 60,"[55, 60)",55,60,0.04
2020-05-12,2020-05-13T17:15:00.000+02:00,active_age,60 - 65,"[60, 65)",60,65,0.05
2020-05-12,2020-05-13T17:15:00.000+02:00,active_age,65 - 70,"[65, 70)",65,70,0.045
2020-05-12,2020-05-13T17:15:00.000+02:00,active_age,70 - 75,"[70, 75)",70,75,0.05
2020-05-12,2020-05-13T17:15:00.000+02:00,active_age,75 - 80,"[75, 80)",75,80,0.05
2020-05-12,2020-05-13T17:15:00.000+02:00,active_age,80 - 85,"[80, 85)",80,85,0.055
2020-05-12,2020-05-13T17:15:00.000+02:00,active_age,85 - 90,"[85, 90)",85,90,0.04
2020-05-12,2020-05-13T17:15:00.000+02:00,active_age,90 - 95,"[90, 95)",90,95,0.02
2020-05-12,2020-05-13T17:15:00.000+02:00,active_age,95 - 100,"[95, 100)",95,100,0.01
2020-05-12,2020-05-13T17:15:00.000+02:00,active_age,≥ 100,"[100, +∞)",100,,0.0
2020-05-12,2020-05-13T17:15:00.000+02:00,deaths_age,0 - 30,"[0, 30)",0,30,0.0
2020-05-12,2020-05-13T17:15:00.000+02:00,deaths_age,30 - 40,"[30, 40)",30,40,0.0
2020-05-12,2020-05-13T17:15:00.000+02:00,deaths_age,40 - 50,"[40, 50)",40,50,0.0
2020-05-12,2020-05-13T17:15:00.000+02:00,deaths_age,50 - 60,"[50, 60)",50,60,0.01
2020-05-12,2020-05-13T17:15:00.000+02:00,deaths_age,60 - 70,"[60, 70)",60,70,0.07
2020-05-12,2020-05-13T17:15:00.000+02:00,deaths_age,70 - 80,"[70, 80)",70,80,0.24
2020-05-12,2020-05-13T17:15:00.000+02:00,deaths_age,≥ 80,"[80, +∞)",80,,0.68
2020-05-12,2020-05-13T17:15:00.000+02:00,hospital_intensive_age,0 - 40,"[0, 40)",0,40,0.0
2020-05-12,2020-05-13T17:15:00.000+02:00,hospital_intensive_age,40 - 45,"[40, 45)",40,45,0.111
2020-05-12,2020-05-13T17:15:00.000+02:00,hospital_intensive_age,45 - 50,"[45, 50)",45,50,0.111
2020-05-12,2020-05-13T17:15:00.000+02:00,hospital_intensive_age,50 - 55,"[50, 55)",50,55,0.056
2020-05-12,2020-05-13T17:15:00.000+02:00,hospital_intensive_age,55 - 60,"[55, 60)",55,60,0.0
2020-05-12,2020-05-13T17:15:00.000+02:00,hospital_intensive_age,60 - 65,"[60, 65)",60,65,0.222
2020-05-12,2020-05-13T17:15:00.000+02:00,hospital_intensive_age,65 - 70,"[65, 70)",65,70,0.111
2020-05-12,2020-05-13T17:15:00.000+02:00,hospital_intensive_age,70 - 75,"[70, 75)",70,75,0.167
2020-05-12,2020-05-13T17:15:00.000+02:00,hospital_intensive_age,75 - 80,"[75, 80)",75,80,0.222
2020-05-12,2020-05-13T17:15:00.000+02:00,hospital_intensive_age,≥ 80,"[80, +∞)",80,,0.0
2020-05-12,2020-05-13T17:15:00.000+02:00,hospital_normal_age,0 - 5,"[0, 5)",0,5,0.04
2020-05-12,2020-05-13T17:15:00.000+02:00,hospital_normal_age,5 - 10,"[5, 10)",5,10,0.0
2020-05-12,2020-05-13T17:15:00.000+02:00,hospital_normal_age,10 - 15,"[10, 15)",10,15,0.013
2020-05-12,2020-05-13T17:15:00.000+02:00,hospital_normal_age,15 - 20,"[15, 20)",15,20,0.0
2020-05-12,2020-05-13T17:15:00.000+02:00,hospital_normal_age,20 - 25,"[20, 25)",20,25,0.013
2020-05-12,2020-05-13T17:15:00.000+02:00,hospital_normal_age,25 - 30,"[25, 30)",25,30,0.027
2020-05-12,2020-05-13T17:15:00.000+02:00,hospital_normal_age,30 - 35,"[30, 35)",30,35,0.013
2020-05-12,2020-05-13T17:15:00.000+02:00,hospital_normal_age,35 - 40,"[35, 40)",35,40,0.027
2020-05-12,2020-05-13T17:15:00.000+02:00,hospital_normal_age,40 - 45,"[40, 45)",40,45,0.0
2020-05-12,2020-05-13T17:15:00.000+02:00,hospital_normal_age,45 - 50,"[45, 50)",45,50,0.053
2020-05-12,2020-05-13T17:15:00.000+02:00,hospital_normal_age,50 - 55,"[50, 55)",50,55,0.0
2020-05-12,2020-05-13T17:15:00.000+02:00,hospital_normal_age,55 - 60,"[55, 60)",55,60,0.053
2020-05-12,2020-05-13T17:15:00.000+02:00,hospital_normal_age,60 - 65,"[60, 65)",60,65,0.067
2020-05-12,2020-05-13T17:15:00.000+02:00,hospital_normal_age,65 - 70,"[65, 70)",65,70,0.067
2020-05-12,2020-05-13T17:15:00.000+02:00,hospital_normal_age,70 - 75,"[70, 75)",70,75,0.08
2020-05-12,2020-05-13T17:15:00.000+02:00,hospital_normal_age,75 - 80,"[75, 80)",75,80,0.107
2020-05-12,2020-05-13T17:15:00.000+02:00,hospital_normal_age,80 - 85,"[80, 85)",80,85,0.16
2020-05-12,2020-05-13T17:15:00.000+02:00,hospital_normal_age,85 - 90,"[85, 90)",85,90,0.173
2020-05-12,2020-05-13T17:15:00.000+02:00,hospital_normal_age,90 - 95,"[90, 95)",90,95,0.08
2020-05-12,2020-05-13T17:15:00.000+02:00,hospital_normal_age,95 - 100,"[95, 100)",95,100,0.027
2020-05-12,2020-05-13T17:15:00.000+02:00,hospital_normal_age,≥ 100,"[100, +∞)",100,,0.0
2020-05-13,2020-05-14T17:15:00.000+02:00,active_age,0 - 5,"[0, 5)",0,5,0.015
2020-05-13,2020-05-14T17:15:00.000+02:00,active_age,5 - 10,"[5, 10)",5,10,0.015
2020-05-13,2020-05-14T17:15:00.000+02:00,active_age,10 - 15,"[10, 15)",10,15,0.025
2020-05-13,2020-05-14T17:15:00.000+02:00,active_age,15 - 20,"[15, 20)",15,20,0.07
2020-05-13,2020-05-14T17:15:00.000+02:00,active_age,20 - 25,"[20, 25)",20,25,0.065
2020-05-13,2020-05-14T17:15:00.000+02:00,active_age,25 - 30,"[25, 30)",25,30,0.09
2020-05-13,2020-05-14T17:15:00.000+02:00,active_age,30 - 35,"[30, 35)",30,35,0.08
2020-05-13,2020-05-14T17:15:00.000+02:00,active_age,35 - 40,"[35, 40)",35,40,0.07
2020-05-13,2020-05-14T17:15:00.000+02:00,active_age,40 - 45,"[40, 45)",40,45,0.07
2020-05-13,2020-05-14T17:15:00.000+02:00,active_age,45 - 50,"[45, 50)",45,50,0.085
2020-05-13,2020-05-14T17:15:00.000+02:00,active_age,50 - 55,"[50, 55)",50,55,0.06
2020-05-13,2020-05-14T17:15:00.000+02:00,active_age,55 - 60,"[55, 60)",55,60,0.04
2020-05-13,2020-05-14T17:15:00.000+02:00,active_age,60 - 65,"[60, 65)",60,65,0.05
2020-05-13,2020-05-14T17:15:00.000+02:00,active_age,65 - 70,"[65, 70)",65,70,0.045
2020-05-13,2020-05-14T17:15:00.000+02:00,active_age,70 - 75,"[70, 75)",70,75,0.05
2020-05-13,2020-05-14T17:15:00.000+02:00,active_age,75 - 80,"[75, 80)",75,80,0.05
2020-05-13,2020-05-14T17:15:00.000+02:00,active_age,80 - 85,"[80, 85)",80,85,0.055
2020-05-13,2020-05-14T17:15:00.000+02:00,active_age,85 - 90,"[85, 90)",85,90,0.04
2020-05-13,2020-05-14T17:15:00.000+02:00,active_age,90 - 95,"[90, 95)",90,95,0.02
2020-05-13,2020-05-14T17:15:00.000+02:00,active_age,95 - 100,"[95, 100)",95,100,0.01
2020-05-13,2020-05-14T17:15:00.000+02:00,active_age,≥ 100,"[100, +∞)",100,,0.0
2020-05-13,2020-05-14T17:15:00.000+02:00,deaths_age,0 - 30,"[0, 30)",0,30,0.0
2020-05-13,2020-05-14T17:15:00.000+02:00,deaths_age,30 - 40,"[30, 40)",30,40,0.0
2020-05-13,2020-05-14T17:15:00.000+02:00,deaths_age,40 - 50,"[40, 50)",40,50,0.0
2020-05-13,2020-05-14T17:15:00.000+02:00,deaths_age,50 - 60,"[50, 60)",50,60,0.01
2020-05-13,2020-05-14T17:15:00.000+02:00,deaths_age,60 - 70,"[60, 70)",60,70,0.07
2020-05-13,2020-05-14T17:15:00.000+02:00,deaths_age,70 - 80,"[70, 80)",70,80,0.24
2020-05-13,2020-05-14T17:15:00.000+02:00,deaths_age,≥ 80,"[80, +∞)",80,,0.68
2020-05-13,2020-05-14T17:15:00.000+02:00,hospital_intensive_age,0 - 5,"[0, 5)",0,5,0.05
2020-05-13,2020-05-14T17:15:00.000+02:00,hospital_intensive_age,5 - 10,"[5, 10)",5,10,0.0
2020-05-13,2020-05-14T17:15:00.000+02:00,hospital_intensive_age,10 - 15,"[10, 15)",10,15,0.0
2020-05-13,2020-05-14T17:15:00.000+02:00,hospital_intensive_age,15 - 20,"[15, 20)",15,20,0.0
2020-05-13,2020-05-14T17:15:00.000+02:00,hospital_intensive_age,20 - 25,"[20, 25)",20,25,0.0
2020-05-13,2020-05-14T17:15:00.000+02:00,hospital_intensive_age,25 - 30,"[25, 30)",25,30,0.0
2020-05-13,2020-05-14T17:15:00.000+02:00,hospital_intensive_age,30 - 35,"[30, 35)",30,35,0.0
2020-05-13,2020-05-14T17:15:00.000+02:00,hospital_intensive_age,35 - 40,"[35, 40)",35,40,0.0
2020-05-13,2020-05-14T17:15:00.000+02:00,hospital_intensive_age,40 - 45,"[40, 45)",40,45,0.1
2020-05-13,2020-05-14T17:15:00.000+02:00,hospital_intensive_age,45 - 50,"[45, 50)",45,50,0.1
2020-05-13,2020-05-14T17:15:00.000+02:00,hospital_intensive_age,50 - 55,"[50, 55)",50,55,0.05
2020-05-13,2020-05-14T17:15:00.000+02:00,hospital_intensive_age,55 - 60,"[55, 60)",55,60,0.0
2020-05-13,2020-05-14T17:15:00.000+02:00,hospital_intensive_age,60 - 65,"[60, 65)",60,65,0.25
2020-05-13,2020-05-14T17:15:00.000+02:00,hospital_intensive_age,65 - 70,"[65, 70)",65,70,0.1
2020-05-13,2020-05-14T17:15:00.000+02:00,hospital_intensive_age,70 - 75,"[70, 75)",70,75,0.1
2020-05-13,2020-05-14T17:15:00.000+02:00,hospital_intensive_age,75 - 80,"[75, 80)",75,80,0.2
2020-05-13,2020-05-14T17:15:00.000+02:00,hospital_intensive_age,80 - 85,"[80, 85)",80,85,0.05
2020-05-13,2020-05-14T17:15:00.000+02:00,hospital_intensive_age,≥ 85,"[85, +∞)",85,,0.0
2020-05-13,2020-05-14T17:15:00.000+02:00,hospital_normal_age,0 - 5,"[0, 5)",0,5,0.0
2020-05-13,2020-05-14T17:15:00.000+02:00,hospital_normal_age,5 - 10,"[5, 10)",5,10,0.0
2020-05-13,2020-05-14T17:15:00.000+02:00,hospital_normal_age,10 - 15,"[10, 15)",10,15,0.012
2020-05-13,2020-05-14T17:15:00.000+02:00,hospital_normal_age,15 - 20,"[15, 20)",15,20,0.012
2020-05-13,2020-05-14T17:15:00.000+02:00,hospital_normal_age,20 - 25,"[20, 25)",20,25,0.024
2020-05-13,2020-05-14T17:15:00.000+02:00,hospital_normal_age,25 - 30,"[25, 30)",25,30,0.035
2020-05-13,2020-05-14T17:15:00.000+02:00,hospital_normal_age,30 - 35,"[30, 35)",30,35,0.012
2020-05-13,2020-05-14T17:15:00.000+02:00,hospital_normal_age,35 - 40,"[35, 40)",35,40,0.024
2020-05-13,2020-05-14T17:15:00.000+02:00,hospital_normal_age,40 - 45,"[40, 45)",40,45,0.024
2020-05-13,2020-05-14T17:15:00.000+02:00,hospital_normal_age,45 - 50,"[45, 50)",45,50,0.047
2020-05-13,2020-05-14T17:15:00.000+02:00,hospital_normal_age,50 - 55,"[50, 55)",50,55,0.0
2020-05-13,2020-05-14T17:15:00.000+02:00,hospital_normal_age,55 - 60,"[55, 60)",55,60,0.047
2020-05-13,2020-05-14T17:15:00.000+02:00,hospital_normal_age,60 - 65,"[60, 65)",60,65,0.059
2020-05-13,2020-05-14T17:15:00.000+02:00,hospital_normal_age,65 - 70,"[65, 70)",65,70,0.059
2020-05-13,2020-05-14T17:15:00.000+02:00,hospital_normal_age,70 - 75,"[70, 75)",70,75,0.106
2020-05-13,2020-05-14T17:15:00.000+02:00,hospital_normal_age,75 - 80,"[75, 80)",75,80,0.118
2020-05-13,2020-05-14T17:15:00.000+02:00,hospital_normal_age,80 - 85,"[80, 85)",80,85,0.153
2020-05-13,2020-05-14T17:15:00.000+02:00,hospital_normal_age,85 - 90,"[85, 90)",85,90,0.153
2020-05-13,2020-05-14T17:15:00.000+02:00,hospital_normal_age,90 - 95,"[90, 95)",90,95,0.094
2020-05-13,2020-05-14T17:15:00.000+02:00,hospital_normal_age,95 - 100,"[95, 100)",95,100,0.024
2020-05-13,2020-05-14T17:15:00.000+02:00,hospital_normal_age,≥ 100,"[100, +∞)",100,,0.0
2020-05-14,2020-05-15T17:15:00.000+02:00,active_age,0 - 5,"[0, 5)",0,5,0.015
2020-05-14,2020-05-15T17:15:00.000+02:00,active_age,5 - 10,"[5, 10)",5,10,0.015
2020-05-14,2020-05-15T17:15:00.000+02:00,active_age,10 - 15,"[10, 15)",10,15,0.025
2020-05-14,2020-05-15T17:15:00.000+02:00,active_age,15 - 20,"[15, 20)",15,20,0.07
2020-05-14,2020-05-15T17:15:00.000+02:00,active_age,20 - 25,"[20, 25)",20,25,0.065
2020-05-14,2020-05-15T17:15:00.000+02:00,active_age,25 - 30,"[25, 30)",25,30,0.09
2020-05-14,2020-05-15T17:15:00.000+02:00,active_age,30 - 35,"[30, 35)",30,35,0.08
2020-05-14,2020-05-15T17:15:00.000+02:00,active_age,35 - 40,"[35, 40)",35,40,0.07
2020-05-14,2020-05-15T17:15:00.000+02:00,active_age,40 - 45,"[40, 45)",40,45,0.07
2020-05-14,2020-05-15T17:15:00.000+02:00,active_age,45 - 50,"[45, 50)",45,50,0.085
2020-05-14,2020-05-15T17:15:00.000+02:00,active_age,50 - 55,"[50, 55)",50,55,0.06
2020-05-14,2020-05-15T17:15:00.000+02:00,active_age,55 - 60,"[55, 60)",55,60,0.04
2020-05-14,2020-05-15T17:15:00.000+02:00,active_age,60 - 65,"[60, 65)",60,65,0.05
2020-05-14,2020-05-15T17:15:00.000+02:00,active_age,65 - 70,"[65, 70)",65,70,0.045
2020-05-14,2020-05-15T17:15:00.000+02:00,active_age,70 - 75,"[70, 75)",70,75,0.05
2020-05-14,2020-05-15T17:15:00.000+02:00,active_age,75 - 80,"[75, 80)",75,80,0.05
2020-05-14,2020-05-15T17:15:00.000+02:00,active_age,80 - 85,"[80, 85)",80,85,0.055
2020-05-14,2020-05-15T17:15:00.000+02:00,active_age,85 - 90,"[85, 90)",85,90,0.04
2020-05-14,2020-05-15T17:15:00.000+02:00,active_age,90 - 95,"[90, 95)",90,95,0.02
2020-05-14,2020-05-15T17:15:00.000+02:00,active_age,95 - 100,"[95, 100)",95,100,0.01
2020-05-14,2020-05-15T17:15:00.000+02:00,active_age,≥ 100,"[100, +∞)",100,,0.0
2020-05-14,2020-05-15T17:15:00.000+02:00,deaths_age,0 - 30,"[0, 30)",0,30,0.0
2020-05-14,2020-05-15T17:15:00.000+02:00,deaths_age,30 - 40,"[30, 40)",30,40,0.0
2020-05-14,2020-05-15T17:15:00.000+02:00,deaths_age,40 - 50,"[40, 50)",40,50,0.0
2020-05-14,2020-05-15T17:15:00.000+02:00,deaths_age,50 - 60,"[50, 60)",50,60,0.02
2020-05-14,2020-05-15T17:15:00.000+02:00,deaths_age,60 - 70,"[60, 70)",60,70,0.07
2020-05-14,2020-05-15T17:15:00.000+02:00,deaths_age,70 - 80,"[70, 80)",70,80,0.24
2020-05-14,2020-05-15T17:15:00.000+02:00,deaths_age,≥ 80,"[80, +∞)",80,,0.67
2020-05-14,2020-05-15T17:15:00.000+02:00,hospital_intensive_age,0 - 5,"[0, 5)",0,5,0.045
2020-05-14,2020-05-15T17:15:00.000+02:00,hospital_intensive_age,5 - 10,"[5, 10)",5,10,0.0
2020-05-14,2020-05-15T17:15:00.000+02:00,hospital_intensive_age,10 - 15,"[10, 15)",10,15,0.0
2020-05-14,2020-05-15T17:15:00.000+02:00,hospital_intensive_age,15 - 20,"[15, 20)",15,20,0.0
2020-05-14,2020-05-15T17:15:00.000+02:00,hospital_intensive_age,20 - 25,"[20, 25)",20,25,0.0
2020-05-14,2020-05-15T17:15:00.000+02:00,hospital_intensive_age,25 - 30,"[25, 30)",25,30,0.0
2020-05-14,2020-05-15T17:15:00.000+02:00,hospital_intensive_age,30 - 35,"[30, 35)",30,35,0.0
2020-05-14,2020-05-15T17:15:00.000+02:00,hospital_intensive_age,35 - 40,"[35, 40)",35,40,0.0
2020-05-14,2020-05-15T17:15:00.000+02:00,hospital_intensive_age,40 - 45,"[40, 45)",40,45,0.091
2020-05-14,2020-05-15T17:15:00.000+02:00,hospital_intensive_age,45 - 50,"[45, 50)",45,50,0.091
2020-05-14,2020-05-15T17:15:00.000+02:00,hospital_intensive_age,50 - 55,"[50, 55)",50,55,0.045
2020-05-14,2020-05-15T17:15:00.000+02:00,hospital_intensive_age,55 - 60,"[55, 60)",55,60,0.0
2020-05-14,2020-05-15T17:15:00.000+02:00,hospital_intensive_age,60 - 65,"[60, 65)",60,65,0.227
2020-05-14,2020-05-15T17:15:00.000+02:00,hospital_intensive_age,65 - 70,"[65, 70)",65,70,0.091
2020-05-14,2020-05-15T17:15:00.000+02:00,hospital_intensive_age,70 - 75,"[70, 75)",70,75,0.136
2020-05-14,2020-05-15T17:15:00.000+02:00,hospital_intensive_age,75 - 80,"[75, 80)",75,80,0.227
2020-05-14,2020-05-15T17:15:00.000+02:00,hospital_intensive_age,80 - 85,"[80, 85)",80,85,0.045
2020-05-14,2020-05-15T17:15:00.000+02:00,hospital_intensive_age,≥ 85,"[85, +∞)",85,,0.0
2020-05-14,2020-05-15T17:15:00.000+02:00,hospital_normal_age,0 - 5,"[0, 5)",0,5,0.015
2020-05-14,2020-05-15T17:15:00.000+02:00,hospital_normal_age,5 - 10,"[5, 10)",5,10,0.0
2020-05-14,2020-05-15T17:15:00.000+02:00,hospital_normal_age,10 - 15,"[10, 15)",10,15,0.015
2020-05-14,2020-05-15T17:15:00.000+02:00,hospital_normal_age,15 - 20,"[15, 20)",15,20,0.0
2020-05-14,2020-05-15T17:15:00.000+02:00,hospital_normal_age,20 - 25,"[20, 25)",20,25,0.015
2020-05-14,2020-05-15T17:15:00.000+02:00,hospital_normal_age,25 - 30,"[25, 30)",25,30,0.029
2020-05-14,2020-05-15T17:15:00.000+02:00,hospital_normal_age,30 - 35,"[30, 35)",30,35,0.029
2020-05-14,2020-05-15T17:15:00.000+02:00,hospital_normal_age,35 - 40,"[35, 40)",35,40,0.029
2020-05-14,2020-05-15T17:15:00.000+02:00,hospital_normal_age,40 - 45,"[40, 45)",40,45,0.015
2020-05-14,2020-05-15T17:15:00.000+02:00,hospital_normal_age,45 - 50,"[45, 50)",45,50,0.044
2020-05-14,2020-05-15T17:15:00.000+02:00,hospital_normal_age,50 - 55,"[50, 55)",50,55,0.0
2020-05-14,2020-05-15T17:15:00.000+02:00,hospital_normal_age,55 - 60,"[55, 60)",55,60,0.015
2020-05-14,2020-05-15T17:15:00.000+02:00,hospital_normal_age,60 - 65,"[60, 65)",60,65,0.074
2020-05-14,2020-05-15T17:15:00.000+02:00,hospital_normal_age,65 - 70,"[65, 70)",65,70,0.074
2020-05-14,2020-05-15T17:15:00.000+02:00,hospital_normal_age,70 - 75,"[70, 75)",70,75,0.088
2020-05-14,2020-05-15T17:15:00.000+02:00,hospital_normal_age,75 - 80,"[75, 80)",75,80,0.118
2020-05-14,2020-05-15T17:15:00.000+02:00,hospital_normal_age,80 - 85,"[80, 85)",80,85,0.162
2020-05-14,2020-05-15T17:15:00.000+02:00,hospital_normal_age,85 - 90,"[85, 90)",85,90,0.191
2020-05-14,2020-05-15T17:15:00.000+02:00,hospital_normal_age,90 - 95,"[90, 95)",90,95,0.074
2020-05-14,2020-05-15T17:15:00.000+02:00,hospital_normal_age,95 - 100,"[95, 100)",95,100,0.015
2020-05-14,2020-05-15T17:15:00.000+02:00,hospital_normal_age,≥ 100,"[100, +∞)",100,,0.0
2020-05-15,2020-05-16T17:30:00.000+02:00,active_age,0 - 5,"[0, 5)",0,5,0.015
2020-05-15,2020-05-16T17:30:00.000+02:00,active_age,5 - 10,"[5, 10)",5,10,0.015
2020-05-15,2020-05-16T17:30:00.000+02:00,active_age,10 - 15,"[10, 15)",10,15,0.025
2020-05-15,2020-05-16T17:30:00.000+02:00,active_age,15 - 20,"[15, 20)",15,20,0.07
2020-05-15,2020-05-16T17:30:00.000+02:00,active_age,20 - 25,"[20, 25)",20,25,0.065
2020-05-15,2020-05-16T17:30:00.000+02:00,active_age,25 - 30,"[25, 30)",25,30,0.09
2020-05-15,2020-05-16T17:30:00.000+02:00,active_age,30 - 35,"[30, 35)",30,35,0.08
2020-05-15,2020-05-16T17:30:00.000+02:00,active_age,35 - 40,"[35, 40)",35,40,0.07
2020-05-15,2020-05-16T17:30:00.000+02:00,active_age,40 - 45,"[40, 45)",40,45,0.07
2020-05-15,2020-05-16T17:30:00.000+02:00,active_age,45 - 50,"[45, 50)",45,50,0.085
2020-05-15,2020-05-16T17:30:00.000+02:00,active_age,50 - 55,"[50, 55)",50,55,0.06
2020-05-15,2020-05-16T17:30:00.000+02:00,active_age,55 - 60,"[55, 60)",55,60,0.04
2020-05-15,2020-05-16T17:30:00.000+02:00,active_age,60 - 65,"[60, 65)",60,65,0.05
2020-05-15,2020-05-16T17:30:00.000+02:00,active_age,65 - 70,"[65, 70)",65,70,0.045
2020-05-15,2020-05-16T17:30:00.000+02:00,active_age,70 - 75,"[70, 75)",70,75,0.05
2020-05-15,2020-05-16T17:30:00.000+02:00,active_age,75 - 80,"[75, 80)",75,80,0.05
2020-05-15,2020-05-16T17:30:00.000+02:00,active_age,80 - 85,"[80, 85)",80,85,0.055
2020-05-15,2020-05-16T17:30:00.000+02:00,active_age,85 - 90,"[85, 90)",85,90,0.04
2020-05-15,2020-05-16T17:30:00.000+02:00,active_age,90 - 95,"[90, 95)",90,95,0.02
2020-05-15,2020-05-16T17:30:00.000+02:00,active_age,95 - 100,"[95, 100)",95,100,0.01
2020-05-15,2020-05-16T17:30:00.000+02:00,active_age,≥ 100,"[100, +∞)",100,,0.0
2020-05-15,2020-05-16T17:30:00.000+02:00,deaths_age,0 - 30,"[0, 30)",0,30,0.0
2020-05-15,2020-05-16T17:30:00.000+02:00,deaths_age,30 - 40,"[30, 40)",30,40,0.0
2020-05-15,2020-05-16T17:30:00.000+02:00,deaths_age,40 - 50,"[40, 50)",40,50,0.0
2020-05-15,2020-05-16T17:30:00.000+02:00,deaths_age,50 - 60,"[50, 60)",50,60,0.02
2020-05-15,2020-05-16T17:30:00.000+02:00,deaths_age,60 - 70,"[60, 70)",60,70,0.07
2020-05-15,2020-05-16T17:30:00.000+02:00,deaths_age,70 - 80,"[70, 80)",70,80,0.24
2020-05-15,2020-05-16T17:30:00.000+02:00,deaths_age,≥ 80,"[80, +∞)",80,,0.67
2020-05-15,2020-05-16T17:30:00.000+02:00,hospital_intensive_age,0 - 5,"[0, 5)",0,5,0.045
2020-05-15,2020-05-16T17:30:00.000+02:00,hospital_intensive_age,5 - 10,"[5, 10)",5,10,0.0
2020-05-15,2020-05-16T17:30:00.000+02:00,hospital_intensive_age,10 - 15,"[10, 15)",10,15,0.0
2020-05-15,2020-05-16T17:30:00.000+02:00,hospital_intensive_age,15 - 20,"[15, 20)",15,20,0.0
2020-05-15,2020-05-16T17:30:00.000+02:00,hospital_intensive_age,20 - 25,"[20, 25)",20,25,0.0
2020-05-15,2020-05-16T17:30:00.000+02:00,hospital_intensive_age,25 - 30,"[25, 30)",25,30,0.0
2020-05-15,2020-05-16T17:30:00.000+02:00,hospital_intensive_age,30 - 35,"[30, 35)",30,35,0.0
2020-05-15,2020-05-16T17:30:00.000+02:00,hospital_intensive_age,35 - 40,"[35, 40)",35,40,0.0
2020-05-15,2020-05-16T17:30:00.000+02:00,hospital_intensive_age,40 - 45,"[40, 45)",40,45,0.091
2020-05-15,2020-05-16T17:30:00.000+02:00,hospital_intensive_age,45 - 50,"[45, 50)",45,50,0.136
2020-05-15,2020-05-16T17:30:00.000+02:00,hospital_intensive_age,50 - 55,"[50, 55)",50,55,0.045
2020-05-15,2020-05-16T17:30:00.000+02:00,hospital_intensive_age,55 - 60,"[55, 60)",55,60,0.0
2020-05-15,2020-05-16T17:30:00.000+02:00,hospital_intensive_age,60 - 65,"[60, 65)",60,65,0.227
2020-05-15,2020-05-16T17:30:00.000+02:00,hospital_intensive_age,65 - 70,"[65, 70)",65,70,0.091
2020-05-15,2020-05-16T17:30:00.000+02:00,hospital_intensive_age,70 - 75,"[70, 75)",70,75,0.091
2020-05-15,2020-05-16T17:30:00.000+02:00,hospital_intensive_age,75 - 80,"[75, 80)",75,80,0.227
2020-05-15,2020-05-16T17:30:00.000+02:00,hospital_intensive_age,80 - 85,"[80, 85)",80,85,0.045
2020-05-15,2020-05-16T17:30:00.000+02:00,hospital_intensive_age,≥ 85,"[85, +∞)",85,,0.0
2020-05-15,2020-05-16T17:30:00.000+02:00,hospital_normal_age,0 - 5,"[0, 5)",0,5,0.014
2020-05-15,2020-05-16T17:30:00.000+02:00,hospital_normal_age,5 - 10,"[5, 10)",5,10,0.0
2020-05-15,2020-05-16T17:30:00.000+02:00,hospital_normal_age,10 - 15,"[10, 15)",10,15,0.014
2020-05-15,2020-05-16T17:30:00.000+02:00,hospital_normal_age,15 - 20,"[15, 20)",15,20,0.014
2020-05-15,2020-05-16T17:30:00.000+02:00,hospital_normal_age,20 - 25,"[20, 25)",20,25,0.014
2020-05-15,2020-05-16T17:30:00.000+02:00,hospital_normal_age,25 - 30,"[25, 30)",25,30,0.027
2020-05-15,2020-05-16T17:30:00.000+02:00,hospital_normal_age,30 - 35,"[30, 35)",30,35,0.027
2020-05-15,2020-05-16T17:30:00.000+02:00,hospital_normal_age,35 - 40,"[35, 40)",35,40,0.027
2020-05-15,2020-05-16T17:30:00.000+02:00,hospital_normal_age,40 - 45,"[40, 45)",40,45,0.014
2020-05-15,2020-05-16T17:30:00.000+02:00,hospital_normal_age,45 - 50,"[45, 50)",45,50,0.054
2020-05-15,2020-05-16T17:30:00.000+02:00,hospital_normal_age,50 - 55,"[50, 55)",50,55,0.0
2020-05-15,2020-05-16T17:30:00.000+02:00,hospital_normal_age,55 - 60,"[55, 60)",55,60,0.014
2020-05-15,2020-05-16T17:30:00.000+02:00,hospital_normal_age,60 - 65,"[60, 65)",60,65,0.068
2020-05-15,2020-05-16T17:30:00.000+02:00,hospital_normal_age,65 - 70,"[65, 70)",65,70,0.068
2020-05-15,2020-05-16T17:30:00.000+02:00,hospital_normal_age,70 - 75,"[70, 75)",70,75,0.095
2020-05-15,2020-05-16T17:30:00.000+02:00,hospital_normal_age,75 - 80,"[75, 80)",75,80,0.108
2020-05-15,2020-05-16T17:30:00.000+02:00,hospital_normal_age,80 - 85,"[80, 85)",80,85,0.162
2020-05-15,2020-05-16T17:30:00.000+02:00,hospital_normal_age,85 - 90,"[85, 90)",85,90,0.189
2020-05-15,2020-05-16T17:30:00.000+02:00,hospital_normal_age,90 - 95,"[90, 95)",90,95,0.081
2020-05-15,2020-05-16T17:30:00.000+02:00,hospital_normal_age,95 - 100,"[95, 100)",95,100,0.014
2020-05-15,2020-05-16T17:30:00.000+02:00,hospital_normal_age,≥ 100,"[100, +∞)",100,,0.0
2020-05-16,2020-05-17T17:15:00.000+02:00,active_age,0 - 5,"[0, 5)",0,5,0.015
2020-05-16,2020-05-17T17:15:00.000+02:00,active_age,5 - 10,"[5, 10)",5,10,0.015
2020-05-16,2020-05-17T17:15:00.000+02:00,active_age,10 - 15,"[10, 15)",10,15,0.025
2020-05-16,2020-05-17T17:15:00.000+02:00,active_age,15 - 20,"[15, 20)",15,20,0.07
2020-05-16,2020-05-17T17:15:00.000+02:00,active_age,20 - 25,"[20, 25)",20,25,0.065
2020-05-16,2020-05-17T17:15:00.000+02:00,active_age,25 - 30,"[25, 30)",25,30,0.09
2020-05-16,2020-05-17T17:15:00.000+02:00,active_age,30 - 35,"[30, 35)",30,35,0.08
2020-05-16,2020-05-17T17:15:00.000+02:00,active_age,35 - 40,"[35, 40)",35,40,0.07
2020-05-16,2020-05-17T17:15:00.000+02:00,active_age,40 - 45,"[40, 45)",40,45,0.07
2020-05-16,2020-05-17T17:15:00.000+02:00,active_age,45 - 50,"[45, 50)",45,50,0.085
2020-05-16,2020-05-17T17:15:00.000+02:00,active_age,50 - 55,"[50, 55)",50,55,0.06
2020-05-16,2020-05-17T17:15:00.000+02:00,active_age,55 - 60,"[55, 60)",55,60,0.04
2020-05-16,2020-05-17T17:15:00.000+02:00,active_age,60 - 65,"[60, 65)",60,65,0.05
2020-05-16,2020-05-17T17:15:00.000+02:00,active_age,65 - 70,"[65, 70)",65,70,0.045
2020-05-16,2020-05-17T17:15:00.000+02:00,active_age,70 - 75,"[70, 75)",70,75,0.05
2020-05-16,2020-05-17T17:15:00.000+02:00,active_age,75 - 80,"[75, 80)",75,80,0.05
2020-05-16,2020-05-17T17:15:00.000+02:00,active_age,80 - 85,"[80, 85)",80,85,0.055
2020-05-16,2020-05-17T17:15:00.000+02:00,active_age,85 - 90,"[85, 90)",85,90,0.04
2020-05-16,2020-05-17T17:15:00.000+02:00,active_age,90 - 95,"[90, 95)",90,95,0.02
2020-05-16,2020-05-17T17:15:00.000+02:00,active_age,95 - 100,"[95, 100)",95,100,0.01
2020-05-16,2020-05-17T17:15:00.000+02:00,active_age,≥ 100,"[100, +∞)",100,,0.0
2020-05-16,2020-05-17T17:15:00.000+02:00,deaths_age,0 - 30,"[0, 30)",0,30,0.0
2020-05-16,2020-05-17T17:15:00.000+02:00,deaths_age,30 - 40,"[30, 40)",30,40,0.0
2020-05-16,2020-05-17T17:15:00.000+02:00,deaths_age,40 - 50,"[40, 50)",40,50,0.0
2020-05-16,2020-05-17T17:15:00.000+02:00,deaths_age,50 - 60,"[50, 60)",50,60,0.02
2020-05-16,2020-05-17T17:15:00.000+02:00,deaths_age,60 - 70,"[60, 70)",60,70,0.07
2020-05-16,2020-05-17T17:15:00.000+02:00,deaths_age,70 - 80,"[70, 80)",70,80,0.23
2020-05-16,2020-05-17T17:15:00.000+02:00,deaths_age,≥ 80,"[80, +∞)",80,,0.68
2020-05-16,2020-05-17T17:15:00.000+02:00,hospital_intensive_age,0 - 5,"[0, 5)",0,5,0.05
2020-05-16,2020-05-17T17:15:00.000+02:00,hospital_intensive_age,5 - 10,"[5, 10)",5,10,0.0
2020-05-16,2020-05-17T17:15:00.000+02:00,hospital_intensive_age,10 - 15,"[10, 15)",10,15,0.0
2020-05-16,2020-05-17T17:15:00.000+02:00,hospital_intensive_age,15 - 20,"[15, 20)",15,20,0.0
2020-05-16,2020-05-17T17:15:00.000+02:00,hospital_intensive_age,20 - 25,"[20, 25)",20,25,0.0
2020-05-16,2020-05-17T17:15:00.000+02:00,hospital_intensive_age,25 - 30,"[25, 30)",25,30,0.0
2020-05-16,2020-05-17T17:15:00.000+02:00,hospital_intensive_age,30 - 35,"[30, 35)",30,35,0.0
2020-05-16,2020-05-17T17:15:00.000+02:00,hospital_intensive_age,35 - 40,"[35, 40)",35,40,0.0
2020-05-16,2020-05-17T17:15:00.000+02:00,hospital_intensive_age,40 - 45,"[40, 45)",40,45,0.1
2020-05-16,2020-05-17T17:15:00.000+02:00,hospital_intensive_age,45 - 50,"[45, 50)",45,50,0.15
2020-05-16,2020-05-17T17:15:00.000+02:00,hospital_intensive_age,50 - 55,"[50, 55)",50,55,0.05
2020-05-16,2020-05-17T17:15:00.000+02:00,hospital_intensive_age,55 - 60,"[55, 60)",55,60,0.0
2020-05-16,2020-05-17T17:15:00.000+02:00,hospital_intensive_age,60 - 65,"[60, 65)",60,65,0.2
2020-05-16,2020-05-17T17:15:00.000+02:00,hospital_intensive_age,65 - 70,"[65, 70)",65,70,0.1
2020-05-16,2020-05-17T17:15:00.000+02:00,hospital_intensive_age,70 - 75,"[70, 75)",70,75,0.1
2020-05-16,2020-05-17T17:15:00.000+02:00,hospital_intensive_age,75 - 80,"[75, 80)",75,80,0.2
2020-05-16,2020-05-17T17:15:00.000+02:00,hospital_intensive_age,80 - 85,"[80, 85)",80,85,0.05
2020-05-16,2020-05-17T17:15:00.000+02:00,hospital_intensive_age,≥ 85,"[85, +∞)",85,,0.0
2020-05-16,2020-05-17T17:15:00.000+02:00,hospital_normal_age,0 - 5,"[0, 5)",0,5,0.013
2020-05-16,2020-05-17T17:15:00.000+02:00,hospital_normal_age,5 - 10,"[5, 10)",5,10,0.0
2020-05-16,2020-05-17T17:15:00.000+02:00,hospital_normal_age,10 - 15,"[10, 15)",10,15,0.013
2020-05-16,2020-05-17T17:15:00.000+02:00,hospital_normal_age,15 - 20,"[15, 20)",15,20,0.013
2020-05-16,2020-05-17T17:15:00.000+02:00,hospital_normal_age,20 - 25,"[20, 25)",20,25,0.026
2020-05-16,2020-05-17T17:15:00.000+02:00,hospital_normal_age,25 - 30,"[25, 30)",25,30,0.026
2020-05-16,2020-05-17T17:15:00.000+02:00,hospital_normal_age,30 - 35,"[30, 35)",30,35,0.026
2020-05-16,2020-05-17T17:15:00.000+02:00,hospital_normal_age,35 - 40,"[35, 40)",35,40,0.026
2020-05-16,2020-05-17T17:15:00.000+02:00,hospital_normal_age,40 - 45,"[40, 45)",40,45,0.0
2020-05-16,2020-05-17T17:15:00.000+02:00,hospital_normal_age,45 - 50,"[45, 50)",45,50,0.053
2020-05-16,2020-05-17T17:15:00.000+02:00,hospital_normal_age,50 - 55,"[50, 55)",50,55,0.013
2020-05-16,2020-05-17T17:15:00.000+02:00,hospital_normal_age,55 - 60,"[55, 60)",55,60,0.013
2020-05-16,2020-05-17T17:15:00.000+02:00,hospital_normal_age,60 - 65,"[60, 65)",60,65,0.092
2020-05-16,2020-05-17T17:15:00.000+02:00,hospital_normal_age,65 - 70,"[65, 70)",65,70,0.066
2020-05-16,2020-05-17T17:15:00.000+02:00,hospital_normal_age,70 - 75,"[70, 75)",70,75,0.092
2020-05-16,2020-05-17T17:15:00.000+02:00,hospital_normal_age,75 - 80,"[75, 80)",75,80,0.105
2020-05-16,2020-05-17T17:15:00.000+02:00,hospital_normal_age,80 - 85,"[80, 85)",80,85,0.145
2020-05-16,2020-05-17T17:15:00.000+02:00,hospital_normal_age,85 - 90,"[85, 90)",85,90,0.184
2020-05-16,2020-05-17T17:15:00.000+02:00,hospital_normal_age,90 - 95,"[90, 95)",90,95,0.079
2020-05-16,2020-05-17T17:15:00.000+02:00,hospital_normal_age,95 - 100,"[95, 100)",95,100,0.013
2020-05-16,2020-05-17T17:15:00.000+02:00,hospital_normal_age,≥ 100,"[100, +∞)",100,,0.0
2020-05-17,2020-05-18T17:30:00.000+02:00,active_age,0 - 5,"[0, 5)",0,5,0.01
2020-05-17,2020-05-18T17:30:00.000+02:00,active_age,5 - 10,"[5, 10)",5,10,0.01
2020-05-17,2020-05-18T17:30:00.000+02:00,active_age,10 - 15,"[10, 15)",10,15,0.02
2020-05-17,2020-05-18T17:30:00.000+02:00,active_age,15 - 20,"[15, 20)",15,20,0.07
2020-05-17,2020-05-18T17:30:00.000+02:00,active_age,20 - 25,"[20, 25)",20,25,0.06
2020-05-17,2020-05-18T17:30:00.000+02:00,active_age,25 - 30,"[25, 30)",25,30,0.09
2020-05-17,2020-05-18T17:30:00.000+02:00,active_age,30 - 35,"[30, 35)",30,35,0.08
2020-05-17,2020-05-18T17:30:00.000+02:00,active_age,35 - 40,"[35, 40)",35,40,0.07
2020-05-17,2020-05-18T17:30:00.000+02:00,active_age,40 - 45,"[40, 45)",40,45,0.07
2020-05-17,2020-05-18T17:30:00.000+02:00,active_age,45 - 50,"[45, 50)",45,50,0.08
2020-05-17,2020-05-18T17:30:00.000+02:00,active_age,50 - 55,"[50, 55)",50,55,0.06
2020-05-17,2020-05-18T17:30:00.000+02:00,active_age,55 - 60,"[55, 60)",55,60,0.04
2020-05-17,2020-05-18T17:30:00.000+02:00,active_age,60 - 65,"[60, 65)",60,65,0.05
2020-05-17,2020-05-18T17:30:00.000+02:00,active_age,65 - 70,"[65, 70)",65,70,0.04
2020-05-17,2020-05-18T17:30:00.000+02:00,active_age,70 - 75,"[70, 75)",70,75,0.05
2020-05-17,2020-05-18T17:30:00.000+02:00,active_age,75 - 80,"[75, 80)",75,80,0.05
2020-05-17,2020-05-18T17:30:00.000+02:00,active_age,80 - 85,"[80, 85)",80,85,0.05
2020-05-17,2020-05-18T17:30:00.000+02:00,active_age,85 - 90,"[85, 90)",85,90,0.04
2020-05-17,2020-05-18T17:30:00.000+02:00,active_age,90 - 95,"[90, 95)",90,95,0.02
2020-05-17,2020-05-18T17:30:00.000+02:00,active_age,95 - 100,"[95, 100)",95,100,0.01
2020-05-17,2020-05-18T17:30:00.000+02:00,active_age,≥ 100,"[100, +∞)",100,,0.0
2020-05-17,2020-05-18T17:30:00.000+02:00,deaths_age,0 - 30,"[0, 30)",0,30,0.0
2020-05-17,2020-05-18T17:30:00.000+02:00,deaths_age,30 - 40,"[30, 40)",30,40,0.0
2020-05-17,2020-05-18T17:30:00.000+02:00,deaths_age,40 - 50,"[40, 50)",40,50,0.0
2020-05-17,2020-05-18T17:30:00.000+02:00,deaths_age,50 - 60,"[50, 60)",50,60,0.02
2020-05-17,2020-05-18T17:30:00.000+02:00,deaths_age,60 - 70,"[60, 70)",60,70,0.07
2020-05-17,2020-05-18T17:30:00.000+02:00,deaths_age,70 - 80,"[70, 80)",70,80,0.23
2020-05-17,2020-05-18T17:30:00.000+02:00,deaths_age,≥ 80,"[80, +∞)",80,,0.68
2020-05-17,2020-05-18T17:30:00.000+02:00,hospital_intensive_age,0 - 5,"[0, 5)",0,5,0.0
2020-05-17,2020-05-18T17:30:00.000+02:00,hospital_intensive_age,5 - 10,"[5, 10)",5,10,0.0
2020-05-17,2020-05-18T17:30:00.000+02:00,hospital_intensive_age,10 - 15,"[10, 15)",10,15,0.0
2020-05-17,2020-05-18T17:30:00.000+02:00,hospital_intensive_age,15 - 20,"[15, 20)",15,20,0.0
2020-05-17,2020-05-18T17:30:00.000+02:00,hospital_intensive_age,20 - 25,"[20, 25)",20,25,0.0
2020-05-17,2020-05-18T17:30:00.000+02:00,hospital_intensive_age,25 - 30,"[25, 30)",25,30,0.0
2020-05-17,2020-05-18T17:30:00.000+02:00,hospital_intensive_age,30 - 35,"[30, 35)",30,35,0.0
2020-05-17,2020-05-18T17:30:00.000+02:00,hospital_intensive_age,35 - 40,"[35, 40)",35,40,0.0
2020-05-17,2020-05-18T17:30:00.000+02:00,hospital_intensive_age,40 - 45,"[40, 45)",40,45,0.053
2020-05-17,2020-05-18T17:30:00.000+02:00,hospital_intensive_age,45 - 50,"[45, 50)",45,50,0.158
2020-05-17,2020-05-18T17:30:00.000+02:00,hospital_intensive_age,50 - 55,"[50, 55)",50,55,0.053
2020-05-17,2020-05-18T17:30:00.000+02:00,hospital_intensive_age,55 - 60,"[55, 60)",55,60,0.053
2020-05-17,2020-05-18T17:30:00.000+02:00,hospital_intensive_age,60 - 65,"[60, 65)",60,65,0.263
2020-05-17,2020-05-18T17:30:00.000+02:00,hospital_intensive_age,65 - 70,"[65, 70)",65,70,0.105
2020-05-17,2020-05-18T17:30:00.000+02:00,hospital_intensive_age,70 - 75,"[70, 75)",70,75,0.105
2020-05-17,2020-05-18T17:30:00.000+02:00,hospital_intensive_age,75 - 80,"[75, 80)",75,80,0.211
2020-05-17,2020-05-18T17:30:00.000+02:00,hospital_intensive_age,80 - 85,"[80, 85)",80,85,0.0
2020-05-17,2020-05-18T17:30:00.000+02:00,hospital_intensive_age,≥ 85,"[85, +∞)",85,,0.0
2020-05-17,2020-05-18T17:30:00.000+02:00,hospital_normal_age,0 - 5,"[0, 5)",0,5,0.013
2020-05-17,2020-05-18T17:30:00.000+02:00,hospital_normal_age,5 - 10,"[5, 10)",5,10,0.0
2020-05-17,2020-05-18T17:30:00.000+02:00,hospital_normal_age,10 - 15,"[10, 15)",10,15,0.013
2020-05-17,2020-05-18T17:30:00.000+02:00,hospital_normal_age,15 - 20,"[15, 20)",15,20,0.013
2020-05-17,2020-05-18T17:30:00.000+02:00,hospital_normal_age,20 - 25,"[20, 25)",20,25,0.026
2020-05-17,2020-05-18T17:30:00.000+02:00,hospital_normal_age,25 - 30,"[25, 30)",25,30,0.026
2020-05-17,2020-05-18T17:30:00.000+02:00,hospital_normal_age,30 - 35,"[30, 35)",30,35,0.026
2020-05-17,2020-05-18T17:30:00.000+02:00,hospital_normal_age,35 - 40,"[35, 40)",35,40,0.013
2020-05-17,2020-05-18T17:30:00.000+02:00,hospital_normal_age,40 - 45,"[40, 45)",40,45,0.066
2020-05-17,2020-05-18T17:30:00.000+02:00,hospital_normal_age,45 - 50,"[45, 50)",45,50,0.013
2020-05-17,2020-05-18T17:30:00.000+02:00,hospital_normal_age,50 - 55,"[50, 55)",50,55,0.0
2020-05-17,2020-05-18T17:30:00.000+02:00,hospital_normal_age,55 - 60,"[55, 60)",55,60,0.0
2020-05-17,2020-05-18T17:30:00.000+02:00,hospital_normal_age,60 - 65,"[60, 65)",60,65,0.105
2020-05-17,2020-05-18T17:30:00.000+02:00,hospital_normal_age,65 - 70,"[65, 70)",65,70,0.066
2020-05-17,2020-05-18T17:30:00.000+02:00,hospital_normal_age,70 - 75,"[70, 75)",70,75,0.105
2020-05-17,2020-05-18T17:30:00.000+02:00,hospital_normal_age,75 - 80,"[75, 80)",75,80,0.092
2020-05-17,2020-05-18T17:30:00.000+02:00,hospital_normal_age,80 - 85,"[80, 85)",80,85,0.145
2020-05-17,2020-05-18T17:30:00.000+02:00,hospital_normal_age,85 - 90,"[85, 90)",85,90,0.184
2020-05-17,2020-05-18T17:30:00.000+02:00,hospital_normal_age,90 - 95,"[90, 95)",90,95,0.079
2020-05-17,2020-05-18T17:30:00.000+02:00,hospital_normal_age,95 - 100,"[95, 100)",95,100,0.013
2020-05-17,2020-05-18T17:30:00.000+02:00,hospital_normal_age,≥ 100,"[100, +∞)",100,,0.0
2020-05-18,2020-05-19T17:15:00.000+02:00,active_age,0 - 5,"[0, 5)",0,5,0.015
2020-05-18,2020-05-19T17:15:00.000+02:00,active_age,5 - 10,"[5, 10)",5,10,0.015
2020-05-18,2020-05-19T17:15:00.000+02:00,active_age,10 - 15,"[10, 15)",10,15,0.025
2020-05-18,2020-05-19T17:15:00.000+02:00,active_age,15 - 20,"[15, 20)",15,20,0.07
2020-05-18,2020-05-19T17:15:00.000+02:00,active_age,20 - 25,"[20, 25)",20,25,0.065
2020-05-18,2020-05-19T17:15:00.000+02:00,active_age,25 - 30,"[25, 30)",25,30,0.09
2020-05-18,2020-05-19T17:15:00.000+02:00,active_age,30 - 35,"[30, 35)",30,35,0.08
2020-05-18,2020-05-19T17:15:00.000+02:00,active_age,35 - 40,"[35, 40)",35,40,0.07
2020-05-18,2020-05-19T17:15:00.000+02:00,active_age,40 - 45,"[40, 45)",40,45,0.07
2020-05-18,2020-05-19T17:15:00.000+02:00,active_age,45 - 50,"[45, 50)",45,50,0.085
2020-05-18,2020-05-19T17:15:00.000+02:00,active_age,50 - 55,"[50, 55)",50,55,0.06
2020-05-18,2020-05-19T17:15:00.000+02:00,active_age,55 - 60,"[55, 60)",55,60,0.04
2020-05-18,2020-05-19T17:15:00.000+02:00,active_age,60 - 65,"[60, 65)",60,65,0.05
2020-05-18,2020-05-19T17:15:00.000+02:00,active_age,65 - 70,"[65, 70)",65,70,0.045
2020-05-18,2020-05-19T17:15:00.000+02:00,active_age,70 - 75,"[70, 75)",70,75,0.05
2020-05-18,2020-05-19T17:15:00.000+02:00,active_age,75 - 80,"[75, 80)",75,80,0.05
2020-05-18,2020-05-19T17:15:00.000+02:00,active_age,80 - 85,"[80, 85)",80,85,0.055
2020-05-18,2020-05-19T17:15:00.000+02:00,active_age,85 - 90,"[85, 90)",85,90,0.04
2020-05-18,2020-05-19T17:15:00.000+02:00,active_age,90 - 95,"[90, 95)",90,95,0.02
2020-05-18,2020-05-19T17:15:00.000+02:00,active_age,95 - 100,"[95, 100)",95,100,0.01
2020-05-18,2020-05-19T17:15:00.000+02:00,active_age,≥ 100,"[100, +∞)",100,,0.0
2020-05-18,2020-05-19T17:15:00.000+02:00,deaths_age,0 - 30,"[0, 30)",0,30,0.0
2020-05-18,2020-05-19T17:15:00.000+02:00,deaths_age,30 - 40,"[30, 40)",30,40,0.0
2020-05-18,2020-05-19T17:15:00.000+02:00,deaths_age,40 - 50,"[40, 50)",40,50,0.0
2020-05-18,2020-05-19T17:15:00.000+02:00,deaths_age,50 - 60,"[50, 60)",50,60,0.03
2020-05-18,2020-05-19T17:15:00.000+02:00,deaths_age,60 - 70,"[60, 70)",60,70,0.06
2020-05-18,2020-05-19T17:15:00.000+02:00,deaths_age,70 - 80,"[70, 80)",70,80,0.23
2020-05-18,2020-05-19T17:15:00.000+02:00,deaths_age,≥ 80,"[80, +∞)",80,,0.68
2020-05-18,2020-05-19T17:15:00.000+02:00,hospital_intensive_age,0 - 5,"[0, 5)",0,5,0.0
2020-05-18,2020-05-19T17:15:00.000+02:00,hospital_intensive_age,5 - 10,"[5, 10)",5,10,0.0
2020-05-18,2020-05-19T17:15:00.000+02:00,hospital_intensive_age,10 - 15,"[10, 15)",10,15,0.012
2020-05-18,2020-05-19T17:15:00.000+02:00,hospital_intensive_age,15 - 20,"[15, 20)",15,20,0.012
2020-05-18,2020-05-19T17:15:00.000+02:00,hospital_intensive_age,20 - 25,"[20, 25)",20,25,0.0
2020-05-18,2020-05-19T17:15:00.000+02:00,hospital_intensive_age,25 - 30,"[25, 30)",25,30,0.0
2020-05-18,2020-05-19T17:15:00.000+02:00,hospital_intensive_age,30 - 35,"[30, 35)",30,35,0.024
2020-05-18,2020-05-19T17:15:00.000+02:00,hospital_intensive_age,35 - 40,"[35, 40)",35,40,0.024
2020-05-18,2020-05-19T17:15:00.000+02:00,hospital_intensive_age,40 - 45,"[40, 45)",40,45,0.059
2020-05-18,2020-05-19T17:15:00.000+02:00,hospital_intensive_age,45 - 50,"[45, 50)",45,50,0.082
2020-05-18,2020-05-19T17:15:00.000+02:00,hospital_intensive_age,50 - 55,"[50, 55)",50,55,0.106
2020-05-18,2020-05-19T17:15:00.000+02:00,hospital_intensive_age,55 - 60,"[55, 60)",55,60,0.071
2020-05-18,2020-05-19T17:15:00.000+02:00,hospital_intensive_age,60 - 65,"[60, 65)",60,65,0.129
2020-05-18,2020-05-19T17:15:00.000+02:00,hospital_intensive_age,65 - 70,"[65, 70)",65,70,0.153
2020-05-18,2020-05-19T17:15:00.000+02:00,hospital_intensive_age,70 - 75,"[70, 75)",70,75,0.165
2020-05-18,2020-05-19T17:15:00.000+02:00,hospital_intensive_age,75 - 80,"[75, 80)",75,80,0.106
2020-05-18,2020-05-19T17:15:00.000+02:00,hospital_intensive_age,80 - 85,"[80, 85)",80,85,0.047
2020-05-18,2020-05-19T17:15:00.000+02:00,hospital_intensive_age,85 - 90,"[85, 90)",85,90,0.0
2020-05-18,2020-05-19T17:15:00.000+02:00,hospital_intensive_age,90 - 95,"[90, 95)",90,95,0.012
2020-05-18,2020-05-19T17:15:00.000+02:00,hospital_intensive_age,95 - 100,"[95, 100)",95,100,0.0
2020-05-18,2020-05-19T17:15:00.000+02:00,hospital_intensive_age,100 - 105,"[100, 105)",100,105,0.0
2020-05-18,2020-05-19T17:15:00.000+02:00,hospital_normal_age,0 - 5,"[0, 5)",0,5,0.011
2020-05-18,2020-05-19T17:15:00.000+02:00,hospital_normal_age,5 - 10,"[5, 10)",5,10,0.003
2020-05-18,2020-05-19T17:15:00.000+02:00,hospital_normal_age,10 - 15,"[10, 15)",10,15,0.005
2020-05-18,2020-05-19T17:15:00.000+02:00,hospital_normal_age,15 - 20,"[15, 20)",15,20,0.008
2020-05-18,2020-05-19T17:15:00.000+02:00,hospital_normal_age,20 - 25,"[20, 25)",20,25,0.014
2020-05-18,2020-05-19T17:15:00.000+02:00,hospital_normal_age,25 - 30,"[25, 30)",25,30,0.021
2020-05-18,2020-05-19T17:15:00.000+02:00,hospital_normal_age,30 - 35,"[30, 35)",30,35,0.02
2020-05-18,2020-05-19T17:15:00.000+02:00,hospital_normal_age,35 - 40,"[35, 40)",35,40,0.032
2020-05-18,2020-05-19T17:15:00.000+02:00,hospital_normal_age,40 - 45,"[40, 45)",40,45,0.047
2020-05-18,2020-05-19T17:15:00.000+02:00,hospital_normal_age,45 - 50,"[45, 50)",45,50,0.047
2020-05-18,2020-05-19T17:15:00.000+02:00,hospital_normal_age,50 - 55,"[50, 55)",50,55,0.079
2020-05-18,2020-05-19T17:15:00.000+02:00,hospital_normal_age,55 - 60,"[55, 60)",55,60,0.094
2020-05-18,2020-05-19T17:15:00.000+02:00,hospital_normal_age,60 - 65,"[60, 65)",60,65,0.082
2020-05-18,2020-05-19T17:15:00.000+02:00,hospital_normal_age,65 - 70,"[65, 70)",65,70,0.064
2020-05-18,2020-05-19T17:15:00.000+02:00,hospital_normal_age,70 - 75,"[70, 75)",70,75,0.1
2020-05-18,2020-05-19T17:15:00.000+02:00,hospital_normal_age,75 - 80,"[75, 80)",75,80,0.094
2020-05-18,2020-05-19T17:15:00.000+02:00,hospital_normal_age,80 - 85,"[80, 85)",80,85,0.108
2020-05-18,2020-05-19T17:15:00.000+02:00,hospital_normal_age,85 - 90,"[85, 90)",85,90,0.108
2020-05-18,2020-05-19T17:15:00.000+02:00,hospital_normal_age,90 - 95,"[90, 95)",90,95,0.046
2020-05-18,2020-05-19T17:15:00.000+02:00,hospital_normal_age,95 - 100,"[95, 100)",95,100,0.015
2020-05-18,2020-05-19T17:15:00.000+02:00,hospital_normal_age,≥ 100,"[100, +∞)",100,,0.002
