"date_start","date_end","date_published","year","week","measure","group","interval","min_age","max_age","proportion","count"
"2020-06-29","2020-07-05","2020-07-10T12:00:00.000+02:00",2020,27,"cases_new","0 - 5","[0, 5)",0,5,0.045,13
"2020-06-29","2020-07-05","2020-07-10T12:00:00.000+02:00",2020,27,"cases_new","5 - 10","[5, 10)",5,10,0.042,12
"2020-06-29","2020-07-05","2020-07-10T12:00:00.000+02:00",2020,27,"cases_new","10 - 15","[10, 15)",10,15,0.048,14
"2020-06-29","2020-07-05","2020-07-10T12:00:00.000+02:00",2020,27,"cases_new","15 - 20","[15, 20)",15,20,0.073,21
"2020-06-29","2020-07-05","2020-07-10T12:00:00.000+02:00",2020,27,"cases_new","20 - 25","[20, 25)",20,25,0.090,26
"2020-06-29","2020-07-05","2020-07-10T12:00:00.000+02:00",2020,27,"cases_new","25 - 30","[25, 30)",25,30,0.118,34
"2020-06-29","2020-07-05","2020-07-10T12:00:00.000+02:00",2020,27,"cases_new","30 - 35","[30, 35)",30,35,0.090,26
"2020-06-29","2020-07-05","2020-07-10T12:00:00.000+02:00",2020,27,"cases_new","35 - 40","[35, 40)",35,40,0.097,28
"2020-06-29","2020-07-05","2020-07-10T12:00:00.000+02:00",2020,27,"cases_new","40 - 45","[40, 45)",40,45,0.073,21
"2020-06-29","2020-07-05","2020-07-10T12:00:00.000+02:00",2020,27,"cases_new","45 - 50","[45, 50)",45,50,0.145,42
"2020-06-29","2020-07-05","2020-07-10T12:00:00.000+02:00",2020,27,"cases_new","50 - 55","[50, 55)",50,55,0.062,18
"2020-06-29","2020-07-05","2020-07-10T12:00:00.000+02:00",2020,27,"cases_new","55 - 60","[55, 60)",55,60,0.066,19
"2020-06-29","2020-07-05","2020-07-10T12:00:00.000+02:00",2020,27,"cases_new","60 - 65","[60, 65)",60,65,0.017,5
"2020-06-29","2020-07-05","2020-07-10T12:00:00.000+02:00",2020,27,"cases_new","65 - 70","[65, 70)",65,70,0.014,4
"2020-06-29","2020-07-05","2020-07-10T12:00:00.000+02:00",2020,27,"cases_new","70 - 75","[70, 75)",70,75,0.007,2
"2020-06-29","2020-07-05","2020-07-10T12:00:00.000+02:00",2020,27,"cases_new","75 - 80","[75, 80)",75,80,0.007,2
"2020-06-29","2020-07-05","2020-07-10T12:00:00.000+02:00",2020,27,"cases_new","80 - 85","[80, 85)",80,85,0.000,0
"2020-06-29","2020-07-05","2020-07-10T12:00:00.000+02:00",2020,27,"cases_new","85 - 90","[85, 90)",85,90,0.007,2
"2020-06-29","2020-07-05","2020-07-10T12:00:00.000+02:00",2020,27,"cases_new","90 - 95","[90, 95)",90,95,0.000,0
"2020-06-29","2020-07-05","2020-07-10T12:00:00.000+02:00",2020,27,"cases_new","95 - 100","[95, 100)",95,100,0.000,0
"2020-06-29","2020-07-05","2020-07-10T12:00:00.000+02:00",2020,27,"cases_new","≥ 100","[100, +∞)",100,,0.000,0
"2020-07-06","2020-07-12","2020-07-14T12:00:00.000+02:00",2020,28,"cases_new","0 - 5","[0, 5)",0,5,0.032,
"2020-07-06","2020-07-12","2020-07-14T12:00:00.000+02:00",2020,28,"cases_new","5 - 10","[5, 10)",5,10,0.050,
"2020-07-06","2020-07-12","2020-07-14T12:00:00.000+02:00",2020,28,"cases_new","10 - 15","[10, 15)",10,15,0.065,
"2020-07-06","2020-07-12","2020-07-14T12:00:00.000+02:00",2020,28,"cases_new","15 - 20","[15, 20)",15,20,0.075,
"2020-07-06","2020-07-12","2020-07-14T12:00:00.000+02:00",2020,28,"cases_new","20 - 25","[20, 25)",20,25,0.092,
"2020-07-06","2020-07-12","2020-07-14T12:00:00.000+02:00",2020,28,"cases_new","25 - 30","[25, 30)",25,30,0.087,
"2020-07-06","2020-07-12","2020-07-14T12:00:00.000+02:00",2020,28,"cases_new","30 - 35","[30, 35)",30,35,0.097,
"2020-07-06","2020-07-12","2020-07-14T12:00:00.000+02:00",2020,28,"cases_new","35 - 40","[35, 40)",35,40,0.090,
"2020-07-06","2020-07-12","2020-07-14T12:00:00.000+02:00",2020,28,"cases_new","40 - 45","[40, 45)",40,45,0.077,
"2020-07-06","2020-07-12","2020-07-14T12:00:00.000+02:00",2020,28,"cases_new","45 - 50","[45, 50)",45,50,0.090,
"2020-07-06","2020-07-12","2020-07-14T12:00:00.000+02:00",2020,28,"cases_new","50 - 55","[50, 55)",50,55,0.085,
"2020-07-06","2020-07-12","2020-07-14T12:00:00.000+02:00",2020,28,"cases_new","55 - 60","[55, 60)",55,60,0.045,
"2020-07-06","2020-07-12","2020-07-14T12:00:00.000+02:00",2020,28,"cases_new","60 - 65","[60, 65)",60,65,0.040,
"2020-07-06","2020-07-12","2020-07-14T12:00:00.000+02:00",2020,28,"cases_new","65 - 70","[65, 70)",65,70,0.030,
"2020-07-06","2020-07-12","2020-07-14T12:00:00.000+02:00",2020,28,"cases_new","70 - 75","[70, 75)",70,75,0.007,
"2020-07-06","2020-07-12","2020-07-14T12:00:00.000+02:00",2020,28,"cases_new","75 - 80","[75, 80)",75,80,0.007,
"2020-07-06","2020-07-12","2020-07-14T12:00:00.000+02:00",2020,28,"cases_new","80 - 85","[80, 85)",80,85,0.000,
"2020-07-06","2020-07-12","2020-07-14T12:00:00.000+02:00",2020,28,"cases_new","85 - 90","[85, 90)",85,90,0.025,
"2020-07-06","2020-07-12","2020-07-14T12:00:00.000+02:00",2020,28,"cases_new","90 - 95","[90, 95)",90,95,0.005,
"2020-07-06","2020-07-12","2020-07-14T12:00:00.000+02:00",2020,28,"cases_new","95 - 100","[95, 100)",95,100,0.000,
"2020-07-06","2020-07-12","2020-07-14T12:00:00.000+02:00",2020,28,"cases_new","≥ 100","[100, +∞)",100,,0.000,
"2020-07-13","2020-07-19","2020-07-22T15:00:00.000+02:00",2020,29,"cases_new","0 - 5","[0, 5)",0,5,0.034,
"2020-07-13","2020-07-19","2020-07-22T15:00:00.000+02:00",2020,29,"cases_new","5 – 15","[5, 15)",5,15,0.124,
"2020-07-13","2020-07-19","2020-07-22T15:00:00.000+02:00",2020,29,"cases_new","15 – 25","[15, 25)",15,25,0.121,
"2020-07-13","2020-07-19","2020-07-22T15:00:00.000+02:00",2020,29,"cases_new","25 – 35","[25, 35)",25,35,0.190,
"2020-07-13","2020-07-19","2020-07-22T15:00:00.000+02:00",2020,29,"cases_new","35 – 45","[35, 45)",35,45,0.194,
"2020-07-13","2020-07-19","2020-07-22T15:00:00.000+02:00",2020,29,"cases_new","45 – 55","[45, 55)",45,55,0.202,
"2020-07-13","2020-07-19","2020-07-22T15:00:00.000+02:00",2020,29,"cases_new","55 – 65","[55, 65)",55,65,0.083,
"2020-07-13","2020-07-19","2020-07-22T15:00:00.000+02:00",2020,29,"cases_new","65 – 75","[65, 75)",65,75,0.025,
"2020-07-13","2020-07-19","2020-07-22T15:00:00.000+02:00",2020,29,"cases_new","75 – 85","[75, 85)",75,85,0.019,
"2020-07-13","2020-07-19","2020-07-22T15:00:00.000+02:00",2020,29,"cases_new","≥ 85","[85, +∞)",85,,0.007,
"2020-06-22","2020-06-28","2020-07-30T18:35:00.000+02:00",2020,26,"cases_new","0 – 10","[0, 10)",0,10,0.107,
"2020-06-22","2020-06-28","2020-07-30T18:35:00.000+02:00",2020,26,"cases_new","10 – 20","[10, 20)",10,20,0.071,
"2020-06-22","2020-06-28","2020-07-30T18:35:00.000+02:00",2020,26,"cases_new","20 – 30","[20, 30)",20,30,0.257,
"2020-06-22","2020-06-28","2020-07-30T18:35:00.000+02:00",2020,26,"cases_new","30 – 40","[30, 40)",30,40,0.179,
"2020-06-22","2020-06-28","2020-07-30T18:35:00.000+02:00",2020,26,"cases_new","40 – 50","[40, 50)",40,50,0.129,
"2020-06-22","2020-06-28","2020-07-30T18:35:00.000+02:00",2020,26,"cases_new","50 – 60","[50, 60)",50,60,0.186,
"2020-06-22","2020-06-28","2020-07-30T18:35:00.000+02:00",2020,26,"cases_new","60 – 70","[60, 70)",60,70,0.043,
"2020-06-22","2020-06-28","2020-07-30T18:35:00.000+02:00",2020,26,"cases_new","70 – 80","[70, 80)",70,80,0.028,
"2020-06-22","2020-06-28","2020-07-30T18:35:00.000+02:00",2020,26,"cases_new","≥ 80","[80, +∞)",80,,0.000,
"2020-06-29","2020-07-05","2020-07-30T18:35:00.000+02:00",2020,27,"cases_new","0 – 10","[0, 10)",0,10,0.087,
"2020-06-29","2020-07-05","2020-07-30T18:35:00.000+02:00",2020,27,"cases_new","10 – 20","[10, 20)",10,20,0.121,
"2020-06-29","2020-07-05","2020-07-30T18:35:00.000+02:00",2020,27,"cases_new","20 – 30","[20, 30)",20,30,0.208,
"2020-06-29","2020-07-05","2020-07-30T18:35:00.000+02:00",2020,27,"cases_new","30 – 40","[30, 40)",30,40,0.187,
"2020-06-29","2020-07-05","2020-07-30T18:35:00.000+02:00",2020,27,"cases_new","40 – 50","[40, 50)",40,50,0.218,
"2020-06-29","2020-07-05","2020-07-30T18:35:00.000+02:00",2020,27,"cases_new","50 – 60","[50, 60)",50,60,0.128,
"2020-06-29","2020-07-05","2020-07-30T18:35:00.000+02:00",2020,27,"cases_new","60 – 70","[60, 70)",60,70,,
"2020-06-29","2020-07-05","2020-07-30T18:35:00.000+02:00",2020,27,"cases_new","70 – 80","[70, 80)",70,80,,
"2020-06-29","2020-07-05","2020-07-30T18:35:00.000+02:00",2020,27,"cases_new","≥ 80","[80, +∞)",80,,,
"2020-07-06","2020-07-12","2020-07-30T18:35:00.000+02:00",2020,28,"cases_new","0 – 10","[0, 10)",0,10,0.082,
"2020-07-06","2020-07-12","2020-07-30T18:35:00.000+02:00",2020,28,"cases_new","10 – 20","[10, 20)",10,20,0.140,
"2020-07-06","2020-07-12","2020-07-30T18:35:00.000+02:00",2020,28,"cases_new","20 – 30","[20, 30)",20,30,0.180,
"2020-07-06","2020-07-12","2020-07-30T18:35:00.000+02:00",2020,28,"cases_new","30 – 40","[30, 40)",30,40,0.187,
"2020-07-06","2020-07-12","2020-07-30T18:35:00.000+02:00",2020,28,"cases_new","40 – 50","[40, 50)",40,50,0.167,
"2020-07-06","2020-07-12","2020-07-30T18:35:00.000+02:00",2020,28,"cases_new","50 – 60","[50, 60)",50,60,0.130,
"2020-07-06","2020-07-12","2020-07-30T18:35:00.000+02:00",2020,28,"cases_new","60 – 70","[60, 70)",60,70,0.070,
"2020-07-06","2020-07-12","2020-07-30T18:35:00.000+02:00",2020,28,"cases_new","70 – 80","[70, 80)",70,80,0.015,
"2020-07-06","2020-07-12","2020-07-30T18:35:00.000+02:00",2020,28,"cases_new","≥ 80","[80, +∞)",80,,0.029,
"2020-07-13","2020-07-19","2020-07-30T18:35:00.000+02:00",2020,29,"cases_new","0 – 10","[0, 10)",0,10,0.080,
"2020-07-13","2020-07-19","2020-07-30T18:35:00.000+02:00",2020,29,"cases_new","10 – 20","[10, 20)",10,20,0.136,
"2020-07-13","2020-07-19","2020-07-30T18:35:00.000+02:00",2020,29,"cases_new","20 – 30","[20, 30)",20,30,0.164,
"2020-07-13","2020-07-19","2020-07-30T18:35:00.000+02:00",2020,29,"cases_new","30 – 40","[30, 40)",30,40,0.194,
"2020-07-13","2020-07-19","2020-07-30T18:35:00.000+02:00",2020,29,"cases_new","40 – 50","[40, 50)",40,50,0.197,
"2020-07-13","2020-07-19","2020-07-30T18:35:00.000+02:00",2020,29,"cases_new","50 – 60","[50, 60)",50,60,0.149,
"2020-07-13","2020-07-19","2020-07-30T18:35:00.000+02:00",2020,29,"cases_new","60 – 70","[60, 70)",60,70,0.045,
"2020-07-13","2020-07-19","2020-07-30T18:35:00.000+02:00",2020,29,"cases_new","70 – 80","[70, 80)",70,80,0.020,
"2020-07-13","2020-07-19","2020-07-30T18:35:00.000+02:00",2020,29,"cases_new","≥ 80","[80, +∞)",80,,0.015,
"2020-07-20","2020-07-26","2020-07-30T18:35:00.000+02:00",2020,30,"cases_new","0 – 10","[0, 10)",0,10,0.086,
"2020-07-20","2020-07-26","2020-07-30T18:35:00.000+02:00",2020,30,"cases_new","10 – 20","[10, 20)",10,20,0.131,
"2020-07-20","2020-07-26","2020-07-30T18:35:00.000+02:00",2020,30,"cases_new","20 – 30","[20, 30)",20,30,0.206,
"2020-07-20","2020-07-26","2020-07-30T18:35:00.000+02:00",2020,30,"cases_new","30 – 40","[30, 40)",30,40,0.174,
"2020-07-20","2020-07-26","2020-07-30T18:35:00.000+02:00",2020,30,"cases_new","40 – 50","[40, 50)",40,50,0.157,
"2020-07-20","2020-07-26","2020-07-30T18:35:00.000+02:00",2020,30,"cases_new","50 – 60","[50, 60)",50,60,0.155,
"2020-07-20","2020-07-26","2020-07-30T18:35:00.000+02:00",2020,30,"cases_new","60 – 70","[60, 70)",60,70,0.049,
"2020-07-20","2020-07-26","2020-07-30T18:35:00.000+02:00",2020,30,"cases_new","70 – 80","[70, 80)",70,80,0.020,
"2020-07-20","2020-07-26","2020-07-30T18:35:00.000+02:00",2020,30,"cases_new","≥ 80","[80, +∞)",80,,0.022,
"2020-06-29","2020-07-05","2020-08-05T17:40:00.000+02:00",2020,27,"cases_new","0 – 10","[0, 10)",0,10,0.086,
"2020-06-29","2020-07-05","2020-08-05T17:40:00.000+02:00",2020,27,"cases_new","10 – 20","[10, 20)",10,20,0.121,
"2020-06-29","2020-07-05","2020-08-05T17:40:00.000+02:00",2020,27,"cases_new","20 – 30","[20, 30)",20,30,0.207,
"2020-06-29","2020-07-05","2020-08-05T17:40:00.000+02:00",2020,27,"cases_new","30 – 40","[30, 40)",30,40,0.186,
"2020-06-29","2020-07-05","2020-08-05T17:40:00.000+02:00",2020,27,"cases_new","40 – 50","[40, 50)",40,50,0.217,
"2020-06-29","2020-07-05","2020-08-05T17:40:00.000+02:00",2020,27,"cases_new","50 – 60","[50, 60)",50,60,0.131,
"2020-06-29","2020-07-05","2020-08-05T17:40:00.000+02:00",2020,27,"cases_new","60 – 70","[60, 70)",60,70,0.031,
"2020-06-29","2020-07-05","2020-08-05T17:40:00.000+02:00",2020,27,"cases_new","70 – 80","[70, 80)",70,80,0.013,
"2020-06-29","2020-07-05","2020-08-05T17:40:00.000+02:00",2020,27,"cases_new","≥ 80","[80, +∞)",80,,0.008,
"2020-07-27","2020-08-02","2020-08-05T17:40:00.000+02:00",2020,31,"cases_new","0 – 10","[0, 10)",0,10,0.067,
"2020-07-27","2020-08-02","2020-08-05T17:40:00.000+02:00",2020,31,"cases_new","10 – 20","[10, 20)",10,20,0.152,
"2020-07-27","2020-08-02","2020-08-05T17:40:00.000+02:00",2020,31,"cases_new","20 – 30","[20, 30)",20,30,0.183,
"2020-07-27","2020-08-02","2020-08-05T17:40:00.000+02:00",2020,31,"cases_new","30 – 40","[30, 40)",30,40,0.164,
"2020-07-27","2020-08-02","2020-08-05T17:40:00.000+02:00",2020,31,"cases_new","40 – 50","[40, 50)",40,50,0.181,
"2020-07-27","2020-08-02","2020-08-05T17:40:00.000+02:00",2020,31,"cases_new","50 – 60","[50, 60)",50,60,0.166,
"2020-07-27","2020-08-02","2020-08-05T17:40:00.000+02:00",2020,31,"cases_new","60 – 70","[60, 70)",60,70,0.053,
"2020-07-27","2020-08-02","2020-08-05T17:40:00.000+02:00",2020,31,"cases_new","70 – 80","[70, 80)",70,80,0.021,
"2020-07-27","2020-08-02","2020-08-05T17:40:00.000+02:00",2020,31,"cases_new","≥ 80","[80, +∞)",80,,0.013,
"2020-08-03","2020-08-09","2020-08-12T17:00:00.000+02:00",2020,32,"cases_new","0 – 10","[0, 10)",0,10,0.093,
"2020-08-03","2020-08-09","2020-08-12T17:00:00.000+02:00",2020,32,"cases_new","10 – 20","[10, 20)",10,20,0.113,
"2020-08-03","2020-08-09","2020-08-12T17:00:00.000+02:00",2020,32,"cases_new","20 – 30","[20, 30)",20,30,0.206,
"2020-08-03","2020-08-09","2020-08-12T17:00:00.000+02:00",2020,32,"cases_new","30 – 40","[30, 40)",30,40,0.164,
"2020-08-03","2020-08-09","2020-08-12T17:00:00.000+02:00",2020,32,"cases_new","40 – 50","[40, 50)",40,50,0.203,
"2020-08-03","2020-08-09","2020-08-12T17:00:00.000+02:00",2020,32,"cases_new","50 – 60","[50, 60)",50,60,0.130,
"2020-08-03","2020-08-09","2020-08-12T17:00:00.000+02:00",2020,32,"cases_new","60 – 70","[60, 70)",60,70,0.048,
"2020-08-03","2020-08-09","2020-08-12T17:00:00.000+02:00",2020,32,"cases_new","70 – 80","[70, 80)",70,80,0.014,
"2020-08-03","2020-08-09","2020-08-12T17:00:00.000+02:00",2020,32,"cases_new","≥ 80","[80, +∞)",80,,0.028,
"2020-08-10","2020-08-16","2020-08-19T18:00:00.000+02:00",2020,33,"cases_new","0 – 10","[0, 10)",0,10,0.060,
"2020-08-10","2020-08-16","2020-08-19T18:00:00.000+02:00",2020,33,"cases_new","10 – 20","[10, 20)",10,20,0.169,
"2020-08-10","2020-08-16","2020-08-19T18:00:00.000+02:00",2020,33,"cases_new","20 – 30","[20, 30)",20,30,0.273,
"2020-08-10","2020-08-16","2020-08-19T18:00:00.000+02:00",2020,33,"cases_new","30 – 40","[30, 40)",30,40,0.189,
"2020-08-10","2020-08-16","2020-08-19T18:00:00.000+02:00",2020,33,"cases_new","40 – 50","[40, 50)",40,50,0.141,
"2020-08-10","2020-08-16","2020-08-19T18:00:00.000+02:00",2020,33,"cases_new","50 – 60","[50, 60)",50,60,0.108,
"2020-08-10","2020-08-16","2020-08-19T18:00:00.000+02:00",2020,33,"cases_new","60 – 70","[60, 70)",60,70,0.040,
"2020-08-10","2020-08-16","2020-08-19T18:00:00.000+02:00",2020,33,"cases_new","70 – 80","[70, 80)",70,80,0.008,
"2020-08-10","2020-08-16","2020-08-19T18:00:00.000+02:00",2020,33,"cases_new","≥ 80","[80, +∞)",80,,0.012,
"2020-08-17","2020-08-23","2020-08-26T15:45:00.000+02:00",2020,34,"cases_new","0 – 10","[0, 10)",0,10,0.051,
"2020-08-17","2020-08-23","2020-08-26T15:45:00.000+02:00",2020,34,"cases_new","10 – 20","[10, 20)",10,20,0.132,
"2020-08-17","2020-08-23","2020-08-26T15:45:00.000+02:00",2020,34,"cases_new","20 – 30","[20, 30)",20,30,0.243,
"2020-08-17","2020-08-23","2020-08-26T15:45:00.000+02:00",2020,34,"cases_new","30 – 40","[30, 40)",30,40,0.198,
"2020-08-17","2020-08-23","2020-08-26T15:45:00.000+02:00",2020,34,"cases_new","40 – 50","[40, 50)",40,50,0.132,
"2020-08-17","2020-08-23","2020-08-26T15:45:00.000+02:00",2020,34,"cases_new","50 – 60","[50, 60)",50,60,0.153,
"2020-08-17","2020-08-23","2020-08-26T15:45:00.000+02:00",2020,34,"cases_new","60 – 70","[60, 70)",60,70,0.039,
"2020-08-17","2020-08-23","2020-08-26T15:45:00.000+02:00",2020,34,"cases_new","70 – 80","[70, 80)",70,80,0.006,
"2020-08-17","2020-08-23","2020-08-26T15:45:00.000+02:00",2020,34,"cases_new","≥ 80","[80, +∞)",80,,0.048,
"2020-07-27","2020-08-02","2020-09-02T14:45:00.000+02:00",2020,31,"cases_residents_new","0 – 10","[0, 10)",0,10,0.068,
"2020-07-27","2020-08-02","2020-09-02T14:45:00.000+02:00",2020,31,"cases_residents_new","10 – 20","[10, 20)",10,20,0.153,
"2020-07-27","2020-08-02","2020-09-02T14:45:00.000+02:00",2020,31,"cases_residents_new","20 – 30","[20, 30)",20,30,0.187,
"2020-07-27","2020-08-02","2020-09-02T14:45:00.000+02:00",2020,31,"cases_residents_new","30 – 40","[30, 40)",30,40,0.164,
"2020-07-27","2020-08-02","2020-09-02T14:45:00.000+02:00",2020,31,"cases_residents_new","40 – 50","[40, 50)",40,50,0.171,
"2020-07-27","2020-08-02","2020-09-02T14:45:00.000+02:00",2020,31,"cases_residents_new","50 – 60","[50, 60)",50,60,0.158,
"2020-07-27","2020-08-02","2020-09-02T14:45:00.000+02:00",2020,31,"cases_residents_new","60 – 70","[60, 70)",60,70,0.059,
"2020-07-27","2020-08-02","2020-09-02T14:45:00.000+02:00",2020,31,"cases_residents_new","70 – 80","[70, 80)",70,80,0.025,
"2020-07-27","2020-08-02","2020-09-02T14:45:00.000+02:00",2020,31,"cases_residents_new","≥ 80","[80, +∞)",80,,0.015,
"2020-08-03","2020-08-09","2020-09-02T14:45:00.000+02:00",2020,32,"cases_residents_new","0 – 10","[0, 10)",0,10,0.094,
"2020-08-03","2020-08-09","2020-09-02T14:45:00.000+02:00",2020,32,"cases_residents_new","10 – 20","[10, 20)",10,20,0.111,
"2020-08-03","2020-08-09","2020-09-02T14:45:00.000+02:00",2020,32,"cases_residents_new","20 – 30","[20, 30)",20,30,0.192,
"2020-08-03","2020-08-09","2020-09-02T14:45:00.000+02:00",2020,32,"cases_residents_new","30 – 40","[30, 40)",30,40,0.162,
"2020-08-03","2020-08-09","2020-09-02T14:45:00.000+02:00",2020,32,"cases_residents_new","40 – 50","[40, 50)",40,50,0.202,
"2020-08-03","2020-08-09","2020-09-02T14:45:00.000+02:00",2020,32,"cases_residents_new","50 – 60","[50, 60)",50,60,0.138,
"2020-08-03","2020-08-09","2020-09-02T14:45:00.000+02:00",2020,32,"cases_residents_new","60 – 70","[60, 70)",60,70,0.051,
"2020-08-03","2020-08-09","2020-09-02T14:45:00.000+02:00",2020,32,"cases_residents_new","70 – 80","[70, 80)",70,80,0.016,
"2020-08-03","2020-08-09","2020-09-02T14:45:00.000+02:00",2020,32,"cases_residents_new","≥ 80","[80, +∞)",80,,0.034,
"2020-08-10","2020-08-16","2020-09-02T14:45:00.000+02:00",2020,33,"cases_residents_new","0 – 10","[0, 10)",0,10,0.069,
"2020-08-10","2020-08-16","2020-09-02T14:45:00.000+02:00",2020,33,"cases_residents_new","10 – 20","[10, 20)",10,20,0.167,
"2020-08-10","2020-08-16","2020-09-02T14:45:00.000+02:00",2020,33,"cases_residents_new","20 – 30","[20, 30)",20,30,0.265,
"2020-08-10","2020-08-16","2020-09-02T14:45:00.000+02:00",2020,33,"cases_residents_new","30 – 40","[30, 40)",30,40,0.172,
"2020-08-10","2020-08-16","2020-09-02T14:45:00.000+02:00",2020,33,"cases_residents_new","40 – 50","[40, 50)",40,50,0.142,
"2020-08-10","2020-08-16","2020-09-02T14:45:00.000+02:00",2020,33,"cases_residents_new","50 – 60","[50, 60)",50,60,0.118,
"2020-08-10","2020-08-16","2020-09-02T14:45:00.000+02:00",2020,33,"cases_residents_new","60 – 70","[60, 70)",60,70,0.044,
"2020-08-10","2020-08-16","2020-09-02T14:45:00.000+02:00",2020,33,"cases_residents_new","70 – 80","[70, 80)",70,80,0.010,
"2020-08-10","2020-08-16","2020-09-02T14:45:00.000+02:00",2020,33,"cases_residents_new","≥ 80","[80, +∞)",80,,0.013,
"2020-08-17","2020-08-23","2020-09-02T14:45:00.000+02:00",2020,34,"cases_residents_new","0 – 10","[0, 10)",0,10,0.055,
"2020-08-17","2020-08-23","2020-09-02T14:45:00.000+02:00",2020,34,"cases_residents_new","10 – 20","[10, 20)",10,20,0.114,
"2020-08-17","2020-08-23","2020-09-02T14:45:00.000+02:00",2020,34,"cases_residents_new","20 – 30","[20, 30)",20,30,0.229,
"2020-08-17","2020-08-23","2020-09-02T14:45:00.000+02:00",2020,34,"cases_residents_new","30 – 40","[30, 40)",30,40,0.192,
"2020-08-17","2020-08-23","2020-09-02T14:45:00.000+02:00",2020,34,"cases_residents_new","40 – 50","[40, 50)",40,50,0.140,
"2020-08-17","2020-08-23","2020-09-02T14:45:00.000+02:00",2020,34,"cases_residents_new","50 – 60","[50, 60)",50,60,0.155,
"2020-08-17","2020-08-23","2020-09-02T14:45:00.000+02:00",2020,34,"cases_residents_new","60 – 70","[60, 70)",60,70,0.048,
"2020-08-17","2020-08-23","2020-09-02T14:45:00.000+02:00",2020,34,"cases_residents_new","70 – 80","[70, 80)",70,80,0.008,
"2020-08-17","2020-08-23","2020-09-02T14:45:00.000+02:00",2020,34,"cases_residents_new","≥ 80","[80, +∞)",80,,0.059,
"2020-08-24","2020-08-30","2020-09-02T14:45:00.000+02:00",2020,35,"cases_residents_new","0 – 10","[0, 10)",0,10,0.052,
"2020-08-24","2020-08-30","2020-09-02T14:45:00.000+02:00",2020,35,"cases_residents_new","10 – 20","[10, 20)",10,20,0.108,
"2020-08-24","2020-08-30","2020-09-02T14:45:00.000+02:00",2020,35,"cases_residents_new","20 – 30","[20, 30)",20,30,0.226,
"2020-08-24","2020-08-30","2020-09-02T14:45:00.000+02:00",2020,35,"cases_residents_new","30 – 40","[30, 40)",30,40,0.201,
"2020-08-24","2020-08-30","2020-09-02T14:45:00.000+02:00",2020,35,"cases_residents_new","40 – 50","[40, 50)",40,50,0.181,
"2020-08-24","2020-08-30","2020-09-02T14:45:00.000+02:00",2020,35,"cases_residents_new","50 – 60","[50, 60)",50,60,0.170,
"2020-08-24","2020-08-30","2020-09-02T14:45:00.000+02:00",2020,35,"cases_residents_new","60 – 70","[60, 70)",60,70,0.052,
"2020-08-24","2020-08-30","2020-09-02T14:45:00.000+02:00",2020,35,"cases_residents_new","70 – 80","[70, 80)",70,80,0.007,
"2020-08-24","2020-08-30","2020-09-02T14:45:00.000+02:00",2020,35,"cases_residents_new","≥ 80","[80, +∞)",80,,0.003,
"2020-08-31","2020-09-06","2020-09-09T17:32:00.000+02:00",2020,36,"cases_residents_new","0 – 10","[0, 10)",0,10,0.107,
"2020-08-31","2020-09-06","2020-09-09T17:32:00.000+02:00",2020,36,"cases_residents_new","10 – 20","[10, 20)",10,20,0.078,
"2020-08-31","2020-09-06","2020-09-09T17:32:00.000+02:00",2020,36,"cases_residents_new","20 – 30","[20, 30)",20,30,0.256,
"2020-08-31","2020-09-06","2020-09-09T17:32:00.000+02:00",2020,36,"cases_residents_new","30 – 40","[30, 40)",30,40,0.199,
"2020-08-31","2020-09-06","2020-09-09T17:32:00.000+02:00",2020,36,"cases_residents_new","40 – 50","[40, 50)",40,50,0.181,
"2020-08-31","2020-09-06","2020-09-09T17:32:00.000+02:00",2020,36,"cases_residents_new","50 – 60","[50, 60)",50,60,0.117,
"2020-08-31","2020-09-06","2020-09-09T17:32:00.000+02:00",2020,36,"cases_residents_new","60 – 70","[60, 70)",60,70,0.050,
"2020-08-31","2020-09-06","2020-09-09T17:32:00.000+02:00",2020,36,"cases_residents_new","70 – 80","[70, 80)",70,80,0.011,
"2020-08-31","2020-09-06","2020-09-09T17:32:00.000+02:00",2020,36,"cases_residents_new","≥ 80","[80, +∞)",80,,0.000,
"2020-09-07","2020-09-13","2020-09-16T17:16:00.000+02:00",2020,37,"cases_residents_new","0 – 10","[0, 10)",0,10,0.078,
"2020-09-07","2020-09-13","2020-09-16T17:16:00.000+02:00",2020,37,"cases_residents_new","10 – 20","[10, 20)",10,20,0.163,
"2020-09-07","2020-09-13","2020-09-16T17:16:00.000+02:00",2020,37,"cases_residents_new","20 – 30","[20, 30)",20,30,0.270,
"2020-09-07","2020-09-13","2020-09-16T17:16:00.000+02:00",2020,37,"cases_residents_new","30 – 40","[30, 40)",30,40,0.188,
"2020-09-07","2020-09-13","2020-09-16T17:16:00.000+02:00",2020,37,"cases_residents_new","40 – 50","[40, 50)",40,50,0.142,
"2020-09-07","2020-09-13","2020-09-16T17:16:00.000+02:00",2020,37,"cases_residents_new","50 – 60","[50, 60)",50,60,0.085,
"2020-09-07","2020-09-13","2020-09-16T17:16:00.000+02:00",2020,37,"cases_residents_new","60 – 70","[60, 70)",60,70,0.046,
"2020-09-07","2020-09-13","2020-09-16T17:16:00.000+02:00",2020,37,"cases_residents_new","70 – 80","[70, 80)",70,80,0.018,
"2020-09-07","2020-09-13","2020-09-16T17:16:00.000+02:00",2020,37,"cases_residents_new","≥ 80","[80, +∞)",80,,0.011,
"2020-09-14","2020-09-20","2020-09-23T15:00:00.000+02:00",2020,38,"cases_residents_new","0 – 10","[0, 10)",0,10,0.106,
"2020-09-14","2020-09-20","2020-09-23T15:00:00.000+02:00",2020,38,"cases_residents_new","10 – 20","[10, 20)",10,20,0.134,
"2020-09-14","2020-09-20","2020-09-23T15:00:00.000+02:00",2020,38,"cases_residents_new","20 – 30","[20, 30)",20,30,0.182,
"2020-09-14","2020-09-20","2020-09-23T15:00:00.000+02:00",2020,38,"cases_residents_new","30 – 40","[30, 40)",30,40,0.177,
"2020-09-14","2020-09-20","2020-09-23T15:00:00.000+02:00",2020,38,"cases_residents_new","40 – 50","[40, 50)",40,50,0.175,
"2020-09-14","2020-09-20","2020-09-23T15:00:00.000+02:00",2020,38,"cases_residents_new","50 – 60","[50, 60)",50,60,0.131,
"2020-09-14","2020-09-20","2020-09-23T15:00:00.000+02:00",2020,38,"cases_residents_new","60 – 70","[60, 70)",60,70,0.061,
"2020-09-14","2020-09-20","2020-09-23T15:00:00.000+02:00",2020,38,"cases_residents_new","70 – 80","[70, 80)",70,80,0.024,
"2020-09-14","2020-09-20","2020-09-23T15:00:00.000+02:00",2020,38,"cases_residents_new","≥ 80","[80, +∞)",80,,0.010,
"2020-09-21","2020-09-27","2020-09-30T15:00:00.000+02:00",2020,39,"cases_residents_new","0 – 10","[0, 10)",0,10,0.087,
"2020-09-21","2020-09-27","2020-09-30T15:00:00.000+02:00",2020,39,"cases_residents_new","10 – 20","[10, 20)",10,20,0.152,
"2020-09-21","2020-09-27","2020-09-30T15:00:00.000+02:00",2020,39,"cases_residents_new","20 – 30","[20, 30)",20,30,0.172,
"2020-09-21","2020-09-27","2020-09-30T15:00:00.000+02:00",2020,39,"cases_residents_new","30 – 40","[30, 40)",30,40,0.176,
"2020-09-21","2020-09-27","2020-09-30T15:00:00.000+02:00",2020,39,"cases_residents_new","40 – 50","[40, 50)",40,50,0.135,
"2020-09-21","2020-09-27","2020-09-30T15:00:00.000+02:00",2020,39,"cases_residents_new","50 – 60","[50, 60)",50,60,0.143,
"2020-09-21","2020-09-27","2020-09-30T15:00:00.000+02:00",2020,39,"cases_residents_new","60 – 70","[60, 70)",60,70,0.061,
"2020-09-21","2020-09-27","2020-09-30T15:00:00.000+02:00",2020,39,"cases_residents_new","70 – 80","[70, 80)",70,80,0.022,
"2020-09-21","2020-09-27","2020-09-30T15:00:00.000+02:00",2020,39,"cases_residents_new","≥ 80","[80, +∞)",80,,0.052,
"2020-09-28","2020-10-04","2020-10-07T16:45:00.000+02:00",2020,40,"cases_residents_new","0 – 10","[0, 10)",0,10,0.051,
"2020-09-28","2020-10-04","2020-10-07T16:45:00.000+02:00",2020,40,"cases_residents_new","10 – 20","[10, 20)",10,20,0.137,
"2020-09-28","2020-10-04","2020-10-07T16:45:00.000+02:00",2020,40,"cases_residents_new","20 – 30","[20, 30)",20,30,0.228,
"2020-09-28","2020-10-04","2020-10-07T16:45:00.000+02:00",2020,40,"cases_residents_new","30 – 40","[30, 40)",30,40,0.160,
"2020-09-28","2020-10-04","2020-10-07T16:45:00.000+02:00",2020,40,"cases_residents_new","40 – 50","[40, 50)",40,50,0.153,
"2020-09-28","2020-10-04","2020-10-07T16:45:00.000+02:00",2020,40,"cases_residents_new","50 – 60","[50, 60)",50,60,0.113,
"2020-09-28","2020-10-04","2020-10-07T16:45:00.000+02:00",2020,40,"cases_residents_new","60 – 70","[60, 70)",60,70,0.086,
"2020-09-28","2020-10-04","2020-10-07T16:45:00.000+02:00",2020,40,"cases_residents_new","70 – 80","[70, 80)",70,80,0.016,
"2020-09-28","2020-10-04","2020-10-07T16:45:00.000+02:00",2020,40,"cases_residents_new","≥ 80","[80, +∞)",80,,0.056,
"2020-10-05","2020-10-11","2020-10-14T14:00:00.000+02:00",2020,41,"cases_residents_new","0 – 10","[0, 10)",0,10,0.055,44
"2020-10-05","2020-10-11","2020-10-14T14:00:00.000+02:00",2020,41,"cases_residents_new","10 – 20","[10, 20)",10,20,0.169,136
"2020-10-05","2020-10-11","2020-10-14T14:00:00.000+02:00",2020,41,"cases_residents_new","20 – 30","[20, 30)",20,30,0.210,169
"2020-10-05","2020-10-11","2020-10-14T14:00:00.000+02:00",2020,41,"cases_residents_new","30 – 40","[30, 40)",30,40,0.155,125
"2020-10-05","2020-10-11","2020-10-14T14:00:00.000+02:00",2020,41,"cases_residents_new","40 – 50","[40, 50)",40,50,0.135,109
"2020-10-05","2020-10-11","2020-10-14T14:00:00.000+02:00",2020,41,"cases_residents_new","50 – 60","[50, 60)",50,60,0.135,109
"2020-10-05","2020-10-11","2020-10-14T14:00:00.000+02:00",2020,41,"cases_residents_new","60 – 70","[60, 70)",60,70,0.072,58
"2020-10-05","2020-10-11","2020-10-14T14:00:00.000+02:00",2020,41,"cases_residents_new","70 – 80","[70, 80)",70,80,0.036,29
"2020-10-05","2020-10-11","2020-10-14T14:00:00.000+02:00",2020,41,"cases_residents_new","≥ 80","[80, +∞)",80,,0.033,27
"2020-10-12","2020-10-18","2020-10-21T16:30:00.000+02:00",2020,42,"cases_residents_new","0 – 10","[0, 10)",0,10,0.051,65
"2020-10-12","2020-10-18","2020-10-21T16:30:00.000+02:00",2020,42,"cases_residents_new","10 – 20","[10, 20)",10,20,0.111,142
"2020-10-12","2020-10-18","2020-10-21T16:30:00.000+02:00",2020,42,"cases_residents_new","20 – 30","[20, 30)",20,30,0.195,250
"2020-10-12","2020-10-18","2020-10-21T16:30:00.000+02:00",2020,42,"cases_residents_new","30 – 40","[30, 40)",30,40,0.184,236
"2020-10-12","2020-10-18","2020-10-21T16:30:00.000+02:00",2020,42,"cases_residents_new","40 – 50","[40, 50)",40,50,0.167,214
"2020-10-12","2020-10-18","2020-10-21T16:30:00.000+02:00",2020,42,"cases_residents_new","50 – 60","[50, 60)",50,60,0.154,197
"2020-10-12","2020-10-18","2020-10-21T16:30:00.000+02:00",2020,42,"cases_residents_new","60 – 70","[60, 70)",60,70,0.070,89
"2020-10-12","2020-10-18","2020-10-21T16:30:00.000+02:00",2020,42,"cases_residents_new","70 – 80","[70, 80)",70,80,0.030,39
"2020-10-12","2020-10-18","2020-10-21T16:30:00.000+02:00",2020,42,"cases_residents_new","≥ 80","[80, +∞)",80,,0.038,48
"2020-10-19","2020-10-25","2020-10-28T17:30:00.000+01:00",2020,43,"cases_residents_new","0 – 10","[0, 10)",0,10,0.043,144
"2020-10-19","2020-10-25","2020-10-28T17:30:00.000+01:00",2020,43,"cases_residents_new","10 – 20","[10, 20)",10,20,0.106,358
"2020-10-19","2020-10-25","2020-10-28T17:30:00.000+01:00",2020,43,"cases_residents_new","20 – 30","[20, 30)",20,30,0.180,611
"2020-10-19","2020-10-25","2020-10-28T17:30:00.000+01:00",2020,43,"cases_residents_new","30 – 40","[30, 40)",30,40,0.195,659
"2020-10-19","2020-10-25","2020-10-28T17:30:00.000+01:00",2020,43,"cases_residents_new","40 – 50","[40, 50)",40,50,0.171,579
"2020-10-19","2020-10-25","2020-10-28T17:30:00.000+01:00",2020,43,"cases_residents_new","50 – 60","[50, 60)",50,60,0.142,481
"2020-10-19","2020-10-25","2020-10-28T17:30:00.000+01:00",2020,43,"cases_residents_new","60 – 70","[60, 70)",60,70,0.072,245
"2020-10-19","2020-10-25","2020-10-28T17:30:00.000+01:00",2020,43,"cases_residents_new","70 – 80","[70, 80)",70,80,0.044,148
"2020-10-19","2020-10-25","2020-10-28T17:30:00.000+01:00",2020,43,"cases_residents_new","≥ 80","[80, +∞)",80,,0.048,161
"2020-10-26","2020-11-01","2020-11-04T16:30:00.000+01:00",2020,44,"cases_residents_new","0 – 10","[0, 10)",0,10,0.046,218
"2020-10-26","2020-11-01","2020-11-04T16:30:00.000+01:00",2020,44,"cases_residents_new","10 – 20","[10, 20)",10,20,0.102,481
"2020-10-26","2020-11-01","2020-11-04T16:30:00.000+01:00",2020,44,"cases_residents_new","20 – 30","[20, 30)",20,30,0.166,780
"2020-10-26","2020-11-01","2020-11-04T16:30:00.000+01:00",2020,44,"cases_residents_new","30 – 40","[30, 40)",30,40,0.181,852
"2020-10-26","2020-11-01","2020-11-04T16:30:00.000+01:00",2020,44,"cases_residents_new","40 – 50","[40, 50)",40,50,0.164,773
"2020-10-26","2020-11-01","2020-11-04T16:30:00.000+01:00",2020,44,"cases_residents_new","50 – 60","[50, 60)",50,60,0.156,733
"2020-10-26","2020-11-01","2020-11-04T16:30:00.000+01:00",2020,44,"cases_residents_new","60 – 70","[60, 70)",60,70,0.091,430
"2020-10-26","2020-11-01","2020-11-04T16:30:00.000+01:00",2020,44,"cases_residents_new","70 – 80","[70, 80)",70,80,0.047,221
"2020-10-26","2020-11-01","2020-11-04T16:30:00.000+01:00",2020,44,"cases_residents_new","≥ 80","[80, +∞)",80,,0.045,213
"2020-11-02","2020-11-08","2020-11-11T16:30:00.000+01:00",2020,45,"cases_residents_new","0 – 10","[0, 10)",0,10,0.053,220
"2020-11-02","2020-11-08","2020-11-11T16:30:00.000+01:00",2020,45,"cases_residents_new","10 – 20","[10, 20)",10,20,0.118,487
"2020-11-02","2020-11-08","2020-11-11T16:30:00.000+01:00",2020,45,"cases_residents_new","20 – 30","[20, 30)",20,30,0.147,606
"2020-11-02","2020-11-08","2020-11-11T16:30:00.000+01:00",2020,45,"cases_residents_new","30 – 40","[30, 40)",30,40,0.160,659
"2020-11-02","2020-11-08","2020-11-11T16:30:00.000+01:00",2020,45,"cases_residents_new","40 – 50","[40, 50)",40,50,0.165,682
"2020-11-02","2020-11-08","2020-11-11T16:30:00.000+01:00",2020,45,"cases_residents_new","50 – 60","[50, 60)",50,60,0.168,693
"2020-11-02","2020-11-08","2020-11-11T16:30:00.000+01:00",2020,45,"cases_residents_new","60 – 70","[60, 70)",60,70,0.089,368
"2020-11-02","2020-11-08","2020-11-11T16:30:00.000+01:00",2020,45,"cases_residents_new","70 – 80","[70, 80)",70,80,0.047,192
"2020-11-02","2020-11-08","2020-11-11T16:30:00.000+01:00",2020,45,"cases_residents_new","≥ 80","[80, +∞)",80,,0.053,220
"2020-11-09","2020-11-15","2020-11-18T15:30:00.000+01:00",2020,46,"cases_residents_new","0 – 10","[0, 10)",0,10,0.055,222
"2020-11-09","2020-11-15","2020-11-18T15:30:00.000+01:00",2020,46,"cases_residents_new","10 – 20","[10, 20)",10,20,0.122,490
"2020-11-09","2020-11-15","2020-11-18T15:30:00.000+01:00",2020,46,"cases_residents_new","20 – 30","[20, 30)",20,30,0.157,629
"2020-11-09","2020-11-15","2020-11-18T15:30:00.000+01:00",2020,46,"cases_residents_new","30 – 40","[30, 40)",30,40,0.164,660
"2020-11-09","2020-11-15","2020-11-18T15:30:00.000+01:00",2020,46,"cases_residents_new","40 – 50","[40, 50)",40,50,0.170,682
"2020-11-09","2020-11-15","2020-11-18T15:30:00.000+01:00",2020,46,"cases_residents_new","50 – 60","[50, 60)",50,60,0.149,598
"2020-11-09","2020-11-15","2020-11-18T15:30:00.000+01:00",2020,46,"cases_residents_new","60 – 70","[60, 70)",60,70,0.082,331
"2020-11-09","2020-11-15","2020-11-18T15:30:00.000+01:00",2020,46,"cases_residents_new","70 – 80","[70, 80)",70,80,0.047,190
"2020-11-09","2020-11-15","2020-11-18T15:30:00.000+01:00",2020,46,"cases_residents_new","≥ 80","[80, +∞)",80,,0.053,211
"2020-11-16","2020-11-22","2020-11-25T15:30:00.000+01:00",2020,47,"cases_residents_new","0 – 10","[0, 10)",0,10,0.076,291
"2020-11-16","2020-11-22","2020-11-25T15:30:00.000+01:00",2020,47,"cases_residents_new","10 – 20","[10, 20)",10,20,0.131,503
"2020-11-16","2020-11-22","2020-11-25T15:30:00.000+01:00",2020,47,"cases_residents_new","20 – 30","[20, 30)",20,30,0.146,564
"2020-11-16","2020-11-22","2020-11-25T15:30:00.000+01:00",2020,47,"cases_residents_new","30 – 40","[30, 40)",30,40,0.172,661
"2020-11-16","2020-11-22","2020-11-25T15:30:00.000+01:00",2020,47,"cases_residents_new","40 – 50","[40, 50)",40,50,0.150,578
"2020-11-16","2020-11-22","2020-11-25T15:30:00.000+01:00",2020,47,"cases_residents_new","50 – 60","[50, 60)",50,60,0.143,550
"2020-11-16","2020-11-22","2020-11-25T15:30:00.000+01:00",2020,47,"cases_residents_new","60 – 70","[60, 70)",60,70,0.075,288
"2020-11-16","2020-11-22","2020-11-25T15:30:00.000+01:00",2020,47,"cases_residents_new","70 – 80","[70, 80)",70,80,0.049,187
"2020-11-16","2020-11-22","2020-11-25T15:30:00.000+01:00",2020,47,"cases_residents_new","≥ 80","[80, +∞)",80,,0.059,229
"2020-11-23","2020-11-29","2020-12-02T16:15:00.000+01:00",2020,48,"cases_residents_new","0 – 10","[0, 10)",0,10,0.088,314
"2020-11-23","2020-11-29","2020-12-02T16:15:00.000+01:00",2020,48,"cases_residents_new","10 – 20","[10, 20)",10,20,0.139,497
"2020-11-23","2020-11-29","2020-12-02T16:15:00.000+01:00",2020,48,"cases_residents_new","20 – 30","[20, 30)",20,30,0.142,505
"2020-11-23","2020-11-29","2020-12-02T16:15:00.000+01:00",2020,48,"cases_residents_new","30 – 40","[30, 40)",30,40,0.157,560
"2020-11-23","2020-11-29","2020-12-02T16:15:00.000+01:00",2020,48,"cases_residents_new","40 – 50","[40, 50)",40,50,0.163,580
"2020-11-23","2020-11-29","2020-12-02T16:15:00.000+01:00",2020,48,"cases_residents_new","50 – 60","[50, 60)",50,60,0.141,504
"2020-11-23","2020-11-29","2020-12-02T16:15:00.000+01:00",2020,48,"cases_residents_new","60 – 70","[60, 70)",60,70,0.073,259
"2020-11-23","2020-11-29","2020-12-02T16:15:00.000+01:00",2020,48,"cases_residents_new","70 – 80","[70, 80)",70,80,0.047,166
"2020-11-23","2020-11-29","2020-12-02T16:15:00.000+01:00",2020,48,"cases_residents_new","≥ 80","[80, +∞)",80,,0.050,180
"2020-11-30","2020-12-06","2020-12-11T14:45:00.000+01:00",2020,49,"cases_residents_new","0 – 10","[0, 10)",0,10,0.078,298
"2020-11-30","2020-12-06","2020-12-11T14:45:00.000+01:00",2020,49,"cases_residents_new","10 – 20","[10, 20)",10,20,0.118,449
"2020-11-30","2020-12-06","2020-12-11T14:45:00.000+01:00",2020,49,"cases_residents_new","20 – 30","[20, 30)",20,30,0.138,525
"2020-11-30","2020-12-06","2020-12-11T14:45:00.000+01:00",2020,49,"cases_residents_new","30 – 40","[30, 40)",30,40,0.170,644
"2020-11-30","2020-12-06","2020-12-11T14:45:00.000+01:00",2020,49,"cases_residents_new","40 – 50","[40, 50)",40,50,0.157,597
"2020-11-30","2020-12-06","2020-12-11T14:45:00.000+01:00",2020,49,"cases_residents_new","50 – 60","[50, 60)",50,60,0.160,607
"2020-11-30","2020-12-06","2020-12-11T14:45:00.000+01:00",2020,49,"cases_residents_new","60 – 70","[60, 70)",60,70,0.080,304
"2020-11-30","2020-12-06","2020-12-11T14:45:00.000+01:00",2020,49,"cases_residents_new","70 – 80","[70, 80)",70,80,0.044,166
"2020-11-30","2020-12-06","2020-12-11T14:45:00.000+01:00",2020,49,"cases_residents_new","≥ 80","[80, +∞)",80,,0.055,207
"2020-12-07","2020-12-13","2020-12-16T17:35:00.000+01:00",2020,50,"cases_residents_new","0 – 10","[0, 10)",0,10,0.087,298
"2020-12-07","2020-12-13","2020-12-16T17:35:00.000+01:00",2020,50,"cases_residents_new","10 – 20","[10, 20)",10,20,0.142,487
"2020-12-07","2020-12-13","2020-12-16T17:35:00.000+01:00",2020,50,"cases_residents_new","20 – 30","[20, 30)",20,30,0.143,488
"2020-12-07","2020-12-13","2020-12-16T17:35:00.000+01:00",2020,50,"cases_residents_new","30 – 40","[30, 40)",30,40,0.146,501
"2020-12-07","2020-12-13","2020-12-16T17:35:00.000+01:00",2020,50,"cases_residents_new","40 – 50","[40, 50)",40,50,0.151,518
"2020-12-07","2020-12-13","2020-12-16T17:35:00.000+01:00",2020,50,"cases_residents_new","50 – 60","[50, 60)",50,60,0.143,491
"2020-12-07","2020-12-13","2020-12-16T17:35:00.000+01:00",2020,50,"cases_residents_new","60 – 70","[60, 70)",60,70,0.084,286
"2020-12-07","2020-12-13","2020-12-16T17:35:00.000+01:00",2020,50,"cases_residents_new","70 – 80","[70, 80)",70,80,0.049,166
"2020-12-07","2020-12-13","2020-12-16T17:35:00.000+01:00",2020,50,"cases_residents_new","≥ 80","[80, +∞)",80,,0.055,187
"2020-12-14","2020-12-20","2020-12-23T12:35:00.000+01:00",2020,51,"cases_residents_new","0 – 10","[0, 10)",0,10,0.087,234
"2020-12-14","2020-12-20","2020-12-23T12:35:00.000+01:00",2020,51,"cases_residents_new","10 – 20","[10, 20)",10,20,0.154,413
"2020-12-14","2020-12-20","2020-12-23T12:35:00.000+01:00",2020,51,"cases_residents_new","20 – 30","[20, 30)",20,30,0.137,367
"2020-12-14","2020-12-20","2020-12-23T12:35:00.000+01:00",2020,51,"cases_residents_new","30 – 40","[30, 40)",30,40,0.145,388
"2020-12-14","2020-12-20","2020-12-23T12:35:00.000+01:00",2020,51,"cases_residents_new","40 – 50","[40, 50)",40,50,0.169,454
"2020-12-14","2020-12-20","2020-12-23T12:35:00.000+01:00",2020,51,"cases_residents_new","50 – 60","[50, 60)",50,60,0.152,407
"2020-12-14","2020-12-20","2020-12-23T12:35:00.000+01:00",2020,51,"cases_residents_new","60 – 70","[60, 70)",60,70,0.060,160
"2020-12-14","2020-12-20","2020-12-23T12:35:00.000+01:00",2020,51,"cases_residents_new","70 – 80","[70, 80)",70,80,0.047,125
"2020-12-14","2020-12-20","2020-12-23T12:35:00.000+01:00",2020,51,"cases_residents_new","≥ 80","[80, +∞)",80,,0.050,133
"2020-12-21","2020-12-27","2020-12-30T15:20:00.000+01:00",2020,52,"cases_residents_new","0 – 10","[0, 10)",0,10,0.098,124
"2020-12-21","2020-12-27","2020-12-30T15:20:00.000+01:00",2020,52,"cases_residents_new","10 – 20","[10, 20)",10,20,0.119,151
"2020-12-21","2020-12-27","2020-12-30T15:20:00.000+01:00",2020,52,"cases_residents_new","20 – 30","[20, 30)",20,30,0.137,174
"2020-12-21","2020-12-27","2020-12-30T15:20:00.000+01:00",2020,52,"cases_residents_new","30 – 40","[30, 40)",30,40,0.151,191
"2020-12-21","2020-12-27","2020-12-30T15:20:00.000+01:00",2020,52,"cases_residents_new","40 – 50","[40, 50)",40,50,0.149,189
"2020-12-21","2020-12-27","2020-12-30T15:20:00.000+01:00",2020,52,"cases_residents_new","50 – 60","[50, 60)",50,60,0.144,182
"2020-12-21","2020-12-27","2020-12-30T15:20:00.000+01:00",2020,52,"cases_residents_new","60 – 70","[60, 70)",60,70,0.054,69
"2020-12-21","2020-12-27","2020-12-30T15:20:00.000+01:00",2020,52,"cases_residents_new","70 – 80","[70, 80)",70,80,0.051,64
"2020-12-21","2020-12-27","2020-12-30T15:20:00.000+01:00",2020,52,"cases_residents_new","≥ 80","[80, +∞)",80,,0.097,123
"2020-12-28","2021-01-03","2021-01-06T17:24:00.000+01:00",2020,53,"cases_residents_new","0 – 10","[0, 10)",0,10,0.068,77
"2020-12-28","2021-01-03","2021-01-06T17:24:00.000+01:00",2020,53,"cases_residents_new","10 – 20","[10, 20)",10,20,0.131,149
"2020-12-28","2021-01-03","2021-01-06T17:24:00.000+01:00",2020,53,"cases_residents_new","20 – 30","[20, 30)",20,30,0.181,206
"2020-12-28","2021-01-03","2021-01-06T17:24:00.000+01:00",2020,53,"cases_residents_new","30 – 40","[30, 40)",30,40,0.171,194
"2020-12-28","2021-01-03","2021-01-06T17:24:00.000+01:00",2020,53,"cases_residents_new","40 – 50","[40, 50)",40,50,0.158,179
"2020-12-28","2021-01-03","2021-01-06T17:24:00.000+01:00",2020,53,"cases_residents_new","50 – 60","[50, 60)",50,60,0.137,155
"2020-12-28","2021-01-03","2021-01-06T17:24:00.000+01:00",2020,53,"cases_residents_new","60 – 70","[60, 70)",60,70,0.058,66
"2020-12-28","2021-01-03","2021-01-06T17:24:00.000+01:00",2020,53,"cases_residents_new","70 – 80","[70, 80)",70,80,0.052,59
"2020-12-28","2021-01-03","2021-01-06T17:24:00.000+01:00",2020,53,"cases_residents_new","≥ 80","[80, +∞)",80,,0.044,50
"2021-01-04","2021-01-10","2021-01-13T18:15:00.000+01:00",2021,1,"cases_residents_new","0 – 10","[0, 10)",0,10,0.089,92
"2021-01-04","2021-01-10","2021-01-13T18:15:00.000+01:00",2021,1,"cases_residents_new","10 – 20","[10, 20)",10,20,0.119,123
"2021-01-04","2021-01-10","2021-01-13T18:15:00.000+01:00",2021,1,"cases_residents_new","20 – 30","[20, 30)",20,30,0.163,169
"2021-01-04","2021-01-10","2021-01-13T18:15:00.000+01:00",2021,1,"cases_residents_new","30 – 40","[30, 40)",30,40,0.169,175
"2021-01-04","2021-01-10","2021-01-13T18:15:00.000+01:00",2021,1,"cases_residents_new","40 – 50","[40, 50)",40,50,0.166,172
"2021-01-04","2021-01-10","2021-01-13T18:15:00.000+01:00",2021,1,"cases_residents_new","50 – 60","[50, 60)",50,60,0.147,152
"2021-01-04","2021-01-10","2021-01-13T18:15:00.000+01:00",2021,1,"cases_residents_new","60 – 70","[60, 70)",60,70,0.049,51
"2021-01-04","2021-01-10","2021-01-13T18:15:00.000+01:00",2021,1,"cases_residents_new","70 – 80","[70, 80)",70,80,0.051,53
"2021-01-04","2021-01-10","2021-01-13T18:15:00.000+01:00",2021,1,"cases_residents_new","≥ 80","[80, +∞)",80,,0.047,49
"2021-01-11","2021-01-17","2021-01-20T16:30:00.000+01:00",2021,2,"cases_residents_new","0 – 10","[0, 10)",0,10,0.100,86
"2021-01-11","2021-01-17","2021-01-20T16:30:00.000+01:00",2021,2,"cases_residents_new","10 – 20","[10, 20)",10,20,0.112,96
"2021-01-11","2021-01-17","2021-01-20T16:30:00.000+01:00",2021,2,"cases_residents_new","20 – 30","[20, 30)",20,30,0.143,123
"2021-01-11","2021-01-17","2021-01-20T16:30:00.000+01:00",2021,2,"cases_residents_new","30 – 40","[30, 40)",30,40,0.176,151
"2021-01-11","2021-01-17","2021-01-20T16:30:00.000+01:00",2021,2,"cases_residents_new","40 – 50","[40, 50)",40,50,0.158,136
"2021-01-11","2021-01-17","2021-01-20T16:30:00.000+01:00",2021,2,"cases_residents_new","50 – 60","[50, 60)",50,60,0.157,135
"2021-01-11","2021-01-17","2021-01-20T16:30:00.000+01:00",2021,2,"cases_residents_new","60 – 70","[60, 70)",60,70,0.062,53
"2021-01-11","2021-01-17","2021-01-20T16:30:00.000+01:00",2021,2,"cases_residents_new","70 – 80","[70, 80)",70,80,0.036,31
"2021-01-11","2021-01-17","2021-01-20T16:30:00.000+01:00",2021,2,"cases_residents_new","≥ 80","[80, +∞)",80,,0.056,48
"2021-01-18","2021-01-24","2021-01-27T17:40:00.000+01:00",2021,3,"cases_residents_new","0 – 10","[0, 10)",0,10,0.095,80
"2021-01-18","2021-01-24","2021-01-27T17:40:00.000+01:00",2021,3,"cases_residents_new","10 – 20","[10, 20)",10,20,0.093,78
"2021-01-18","2021-01-24","2021-01-27T17:40:00.000+01:00",2021,3,"cases_residents_new","20 – 30","[20, 30)",20,30,0.164,138
"2021-01-18","2021-01-24","2021-01-27T17:40:00.000+01:00",2021,3,"cases_residents_new","30 – 40","[30, 40)",30,40,0.167,141
"2021-01-18","2021-01-24","2021-01-27T17:40:00.000+01:00",2021,3,"cases_residents_new","40 – 50","[40, 50)",40,50,0.173,146
"2021-01-18","2021-01-24","2021-01-27T17:40:00.000+01:00",2021,3,"cases_residents_new","50 – 60","[50, 60)",50,60,0.158,133
"2021-01-18","2021-01-24","2021-01-27T17:40:00.000+01:00",2021,3,"cases_residents_new","60 – 70","[60, 70)",60,70,0.052,44
"2021-01-18","2021-01-24","2021-01-27T17:40:00.000+01:00",2021,3,"cases_residents_new","70 – 80","[70, 80)",70,80,0.039,33
"2021-01-18","2021-01-24","2021-01-27T17:40:00.000+01:00",2021,3,"cases_residents_new","≥ 80","[80, +∞)",80,,0.059,50
"2021-01-25","2021-01-31","2021-02-03T17:10:00.000+01:00",2021,4,"cases_residents_new","0 – 10","[0, 10)",0,10,0.099,99
"2021-01-25","2021-01-31","2021-02-03T17:10:00.000+01:00",2021,4,"cases_residents_new","10 – 20","[10, 20)",10,20,0.161,161
"2021-01-25","2021-01-31","2021-02-03T17:10:00.000+01:00",2021,4,"cases_residents_new","20 – 30","[20, 30)",20,30,0.147,147
"2021-01-25","2021-01-31","2021-02-03T17:10:00.000+01:00",2021,4,"cases_residents_new","30 – 40","[30, 40)",30,40,0.173,173
"2021-01-25","2021-01-31","2021-02-03T17:10:00.000+01:00",2021,4,"cases_residents_new","40 – 50","[40, 50)",40,50,0.143,143
"2021-01-25","2021-01-31","2021-02-03T17:10:00.000+01:00",2021,4,"cases_residents_new","50 – 60","[50, 60)",50,60,0.133,133
"2021-01-25","2021-01-31","2021-02-03T17:10:00.000+01:00",2021,4,"cases_residents_new","60 – 70","[60, 70)",60,70,0.063,63
"2021-01-25","2021-01-31","2021-02-03T17:10:00.000+01:00",2021,4,"cases_residents_new","70 – 80","[70, 80)",70,80,0.026,26
"2021-01-25","2021-01-31","2021-02-03T17:10:00.000+01:00",2021,4,"cases_residents_new","≥ 80","[80, +∞)",80,,0.054,54
"2021-02-01","2021-02-07","2021-02-10T17:10:00.000+01:00",2021,5,"cases_residents_new","0 – 10","[0, 10)",0,10,0.159,181
"2021-02-01","2021-02-07","2021-02-10T17:10:00.000+01:00",2021,5,"cases_residents_new","10 – 20","[10, 20)",10,20,0.143,163
"2021-02-01","2021-02-07","2021-02-10T17:10:00.000+01:00",2021,5,"cases_residents_new","20 – 30","[20, 30)",20,30,0.120,137
"2021-02-01","2021-02-07","2021-02-10T17:10:00.000+01:00",2021,5,"cases_residents_new","30 – 40","[30, 40)",30,40,0.173,197
"2021-02-01","2021-02-07","2021-02-10T17:10:00.000+01:00",2021,5,"cases_residents_new","40 – 50","[40, 50)",40,50,0.168,191
"2021-02-01","2021-02-07","2021-02-10T17:10:00.000+01:00",2021,5,"cases_residents_new","50 – 60","[50, 60)",50,60,0.122,139
"2021-02-01","2021-02-07","2021-02-10T17:10:00.000+01:00",2021,5,"cases_residents_new","60 – 70","[60, 70)",60,70,0.060,68
"2021-02-01","2021-02-07","2021-02-10T17:10:00.000+01:00",2021,5,"cases_residents_new","70 – 80","[70, 80)",70,80,0.025,28
"2021-02-01","2021-02-07","2021-02-10T17:10:00.000+01:00",2021,5,"cases_residents_new","≥ 80","[80, +∞)",80,,0.032,36
"2021-02-08","2021-02-14","2021-02-17T18:30:00.000+01:00",2021,6,"cases_residents_new","0 – 10","[0, 10)",0,10,0.149,164
"2021-02-08","2021-02-14","2021-02-17T18:30:00.000+01:00",2021,6,"cases_residents_new","10 – 20","[10, 20)",10,20,0.132,145
"2021-02-08","2021-02-14","2021-02-17T18:30:00.000+01:00",2021,6,"cases_residents_new","20 – 30","[20, 30)",20,30,0.116,128
"2021-02-08","2021-02-14","2021-02-17T18:30:00.000+01:00",2021,6,"cases_residents_new","30 – 40","[30, 40)",30,40,0.191,210
"2021-02-08","2021-02-14","2021-02-17T18:30:00.000+01:00",2021,6,"cases_residents_new","40 – 50","[40, 50)",40,50,0.185,202
"2021-02-08","2021-02-14","2021-02-17T18:30:00.000+01:00",2021,6,"cases_residents_new","50 – 60","[50, 60)",50,60,0.125,137
"2021-02-08","2021-02-14","2021-02-17T18:30:00.000+01:00",2021,6,"cases_residents_new","60 – 70","[60, 70)",60,70,0.043,47
"2021-02-08","2021-02-14","2021-02-17T18:30:00.000+01:00",2021,6,"cases_residents_new","70 – 80","[70, 80)",70,80,0.027,30
"2021-02-08","2021-02-14","2021-02-17T18:30:00.000+01:00",2021,6,"cases_residents_new","≥ 80","[80, +∞)",80,,0.033,36
"2021-02-15","2021-02-21","2021-02-24T17:00:00.000+01:00",2021,7,"cases_residents_new","0 – 10","[0, 10)",0,10,0.087,109
"2021-02-15","2021-02-21","2021-02-24T17:00:00.000+01:00",2021,7,"cases_residents_new","10 – 20","[10, 20)",10,20,0.118,148
"2021-02-15","2021-02-21","2021-02-24T17:00:00.000+01:00",2021,7,"cases_residents_new","20 – 30","[20, 30)",20,30,0.146,182
"2021-02-15","2021-02-21","2021-02-24T17:00:00.000+01:00",2021,7,"cases_residents_new","30 – 40","[30, 40)",30,40,0.179,223
"2021-02-15","2021-02-21","2021-02-24T17:00:00.000+01:00",2021,7,"cases_residents_new","40 – 50","[40, 50)",40,50,0.183,228
"2021-02-15","2021-02-21","2021-02-24T17:00:00.000+01:00",2021,7,"cases_residents_new","50 – 60","[50, 60)",50,60,0.147,183
"2021-02-15","2021-02-21","2021-02-24T17:00:00.000+01:00",2021,7,"cases_residents_new","60 – 70","[60, 70)",60,70,0.069,86
"2021-02-15","2021-02-21","2021-02-24T17:00:00.000+01:00",2021,7,"cases_residents_new","70 – 80","[70, 80)",70,80,0.040,50
"2021-02-15","2021-02-21","2021-02-24T17:00:00.000+01:00",2021,7,"cases_residents_new","≥ 80","[80, +∞)",80,,0.032,40
"2021-02-22","2021-02-28","2021-03-03T17:20:00.000+01:00",2021,8,"cases_residents_new","0 – 10","[0, 10)",0,10,0.102,134
"2021-02-22","2021-02-28","2021-03-03T17:20:00.000+01:00",2021,8,"cases_residents_new","10 – 20","[10, 20)",10,20,0.153,201
"2021-02-22","2021-02-28","2021-03-03T17:20:00.000+01:00",2021,8,"cases_residents_new","20 – 30","[20, 30)",20,30,0.142,186
"2021-02-22","2021-02-28","2021-03-03T17:20:00.000+01:00",2021,8,"cases_residents_new","30 – 40","[30, 40)",30,40,0.156,205
"2021-02-22","2021-02-28","2021-03-03T17:20:00.000+01:00",2021,8,"cases_residents_new","40 – 50","[40, 50)",40,50,0.174,229
"2021-02-22","2021-02-28","2021-03-03T17:20:00.000+01:00",2021,8,"cases_residents_new","50 – 60","[50, 60)",50,60,0.139,182
"2021-02-22","2021-02-28","2021-03-03T17:20:00.000+01:00",2021,8,"cases_residents_new","60 – 70","[60, 70)",60,70,0.059,78
"2021-02-22","2021-02-28","2021-03-03T17:20:00.000+01:00",2021,8,"cases_residents_new","70 – 80","[70, 80)",70,80,0.029,38
"2021-02-22","2021-02-28","2021-03-03T17:20:00.000+01:00",2021,8,"cases_residents_new","≥ 80","[80, +∞)",80,,0.046,60
